,created_at,date,tweet,Processed Tweet
0,1647831622000.0,2022-03-20 20:00:22,"USDCoin - USDC Price: $1.00 Change in 1h: +0.00505655% Market cap: $52,989,833,636.07 Ranking: 5 #USDCoin #USDC",usdcoin   usdc price   1 00 change in 1h   0 00505655  market cap   52 989 833 636 07 ranking  5  usdcoin  usdc
1,1647828022000.0,2022-03-20 19:00:22,"USDCoin - USDC Price: $1.00 Change in 1h: +0.00116824% Market cap: $52,991,653,458.10 Ranking: 5 #USDCoin #USDC",usdcoin   usdc price   1 00 change in 1h   0 00116824  market cap   52 991 653 458 10 ranking  5  usdcoin  usdc
2,1647824989000.0,2022-03-20 18:09:49,‡∏£‡∏≤‡∏Ñ‡∏≤‡∏ö‡∏¥‡∏ó‡∏Ñ‡∏≠‡∏¢‡∏ô‡πå‡∏ß‡∏±‡∏ô‡∏ô‡∏µ‡πâ‡∏£‡πà‡∏ß‡∏á 1.89%    https://t.co/RTXAaj6jEA  #‡∏£‡∏≤‡∏Ñ‡∏≤‡∏ö‡∏¥‡∏ó‡∏Ñ‡∏≠‡∏¢‡∏ó‡πå‡∏ß‡∏±‡∏ô‡∏ô‡∏µ‡πâ #‡∏ö‡∏¥‡∏ó‡∏Ñ‡∏≠‡∏¢‡∏ó‡πå #Bitcoin #Ethereum #Tether #BNB  #USDCoin #TNN #TNNThailand #TNN‡∏ä‡πà‡∏≠‡∏á16 #TNNONLINE #TNNWEALTH  https://t.co/pdMw4KtYHO,                       1 89                                       bitcoin  ethereum  tether  bnb   usdcoin  tnn  tnnthailand  tnn    16  tnnonline  tnnwealth   
3,1647824423000.0,2022-03-20 18:00:23,"USDCoin - USDC Price: $1.00 Change in 1h: -0.01198234% Market cap: $52,991,034,396.73 Ranking: 5 #USDCoin #USDC",usdcoin   usdc price   1 00 change in 1h   0 01198234  market cap   52 991 034 396 73 ranking  5  usdcoin  usdc
4,1647820823000.0,2022-03-20 17:00:23,"USDCoin - USDC Price: $1.00 Change in 1h: -0.01056352% Market cap: $53,001,006,618.73 Ranking: 5 #USDCoin #USDC",usdcoin   usdc price   1 00 change in 1h   0 01056352  market cap   53 001 006 618 73 ranking  5  usdcoin  usdc
5,1647817223000.0,2022-03-20 16:00:23,"USDCoin - USDC Price: $1.00 Change in 1h: +0.01108799% Market cap: $53,006,605,982.09 Ranking: 5 #USDCoin #USDC",usdcoin   usdc price   1 00 change in 1h   0 01108799  market cap   53 006 605 982 09 ranking  5  usdcoin  usdc
6,1647813637000.0,2022-03-20 15:00:37,New pair : Mercury/USDC.e on Trader Joe (MercuryFinancial/USDCoin) (address=0x6d257415ae67449852a82face08686857be499d2),new pair   mercury usdc e on trader joe  mercuryfinancial usdcoin   address 0x6d257415ae67449852a82face08686857be499d2 
7,1647813622000.0,2022-03-20 15:00:22,"USDCoin - USDC Price: $1.00 Change in 1h: +0.0156867% Market cap: $53,000,259,251.30 Ranking: 5 #USDCoin #USDC",usdcoin   usdc price   1 00 change in 1h   0 0156867  market cap   53 000 259 251 30 ranking  5  usdcoin  usdc
8,1647813613000.0,2022-03-20 15:00:13,üìâ Market Trend üìâ The current market trend for #USDC is bearish üîª. The #USDCoin EMA-14 has been below the two longer EMA (30 &amp; 60) lines for over 30 days. üëÅÔ∏è See:  https://t.co/tNPiR5Y6Fs  https://t.co/ZPn01uNeuG,  market trend   the current market trend for  usdc is bearish    the  usdcoin ema 14 has been below the two longer ema  30  amp  60  lines for over 30 days     see       
9,1647810022000.0,2022-03-20 14:00:22,"USDCoin - USDC Price: $1.00 Change in 1h: -0.02824784% Market cap: $52,991,946,565.01 Ranking: 5 #USDCoin #USDC",usdcoin   usdc price   1 00 change in 1h   0 02824784  market cap   52 991 946 565 01 ranking  5  usdcoin  usdc
10,1647806423000.0,2022-03-20 13:00:23,"USDCoin - USDC Price: $1.00 Change in 1h: +0.0186527% Market cap: $52,943,422,990.06 Ranking: 5 #USDCoin #USDC",usdcoin   usdc price   1 00 change in 1h   0 0186527  market cap   52 943 422 990 06 ranking  5  usdcoin  usdc
11,1647802821000.0,2022-03-20 12:00:21,"USDCoin - USDC Price: $1.00 Change in 1h: +0.01131075% Market cap: $52,933,549,451.58 Ranking: 5 #USDCoin #USDC",usdcoin   usdc price   1 00 change in 1h   0 01131075  market cap   52 933 549 451 58 ranking  5  usdcoin  usdc
12,1647800102000.0,2022-03-20 11:15:02,Top 5 #crypto losers   Alert Time: 2022-03-20 17:15:02 #Tether: $1.00048  #Decred: $54.92641  #PaxDollar: $0.99925  #Edgecoin: $1.00148  #USDCoin: $0.99966  #instavenezuela #btc #btcnews #node   https://t.co/N8KXdQGWxZ,top 5  crypto losers   alert time  2022 03 20 17 15 02  tether   1 00048   decred   54 92641   paxdollar   0 99925   edgecoin   1 00148   usdcoin   0 99966   instavenezuela  btc  btcnews  node    
13,1647799222000.0,2022-03-20 11:00:22,"USDCoin - USDC Price: $1.00 Change in 1h: -0.01097364% Market cap: $52,939,253,826.00 Ranking: 5 #USDCoin #USDC",usdcoin   usdc price   1 00 change in 1h   0 01097364  market cap   52 939 253 826 00 ranking  5  usdcoin  usdc
14,1647795622000.0,2022-03-20 10:00:22,"USDCoin - USDC Price: $1.00 Change in 1h: +0.00746881% Market cap: $52,945,063,825.85 Ranking: 5 #USDCoin #USDC",usdcoin   usdc price   1 00 change in 1h   0 00746881  market cap   52 945 063 825 85 ranking  5  usdcoin  usdc
15,1647794596000.0,2022-03-20 09:43:16,New pair : Eternity/USDC.e on Trader Joe (EternityRPG/USDCoin) (address=0xe9c6428d0dad222ee41c305fa056751d379f04e0),new pair   eternity usdc e on trader joe  eternityrpg usdcoin   address 0xe9c6428d0dad222ee41c305fa056751d379f04e0 
16,1647792023000.0,2022-03-20 09:00:23,"USDCoin - USDC Price: $1.00 Change in 1h: +0.00425684% Market cap: $52,947,254,186.98 Ranking: 5 #USDCoin #USDC",usdcoin   usdc price   1 00 change in 1h   0 00425684  market cap   52 947 254 186 98 ranking  5  usdcoin  usdc
17,1647790994000.0,2022-03-20 08:43:14,#Tether #USDCoin, tether  usdcoin
18,1647788520000.0,2022-03-20 08:02:00,Cryptocurrencies by Market Cap -  https://t.co/KDvyQkaVEN #cryptocurrency #bitcoin #ethereum #tether #binancecoin #usdcoin  https://t.co/NZpqrrhbqu,cryptocurrencies by market cap       cryptocurrency  bitcoin  ethereum  tether  binancecoin  usdcoin   
19,1647788422000.0,2022-03-20 08:00:22,"USDCoin - USDC Price: $1.00 Change in 1h: +0.01442103% Market cap: $52,945,000,400.80 Ranking: 5 #USDCoin #USDC",usdcoin   usdc price   1 00 change in 1h   0 01442103  market cap   52 945 000 400 80 ranking  5  usdcoin  usdc
20,1647784822000.0,2022-03-20 07:00:22,"USDCoin - USDC Price: $1.00 Change in 1h: +0.00772566% Market cap: $52,943,204,463.90 Ranking: 5 #USDCoin #USDC",usdcoin   usdc price   1 00 change in 1h   0 00772566  market cap   52 943 204 463 90 ranking  5  usdcoin  usdc
21,1647784226000.0,2022-03-20 06:50:26,New pair : USDC/bUSDC on Trader Joe (USDCoin/ BlizzUSDC) (address=0x18c3d17fc3d669c3310500440f2a7243260f75a0),new pair   usdc busdc on trader joe  usdcoin  blizzusdc   address 0x18c3d17fc3d669c3310500440f2a7243260f75a0 
22,1647781222000.0,2022-03-20 06:00:22,"USDCoin - USDC Price: $1.00 Change in 1h: -0.01560732% Market cap: $52,939,114,565.67 Ranking: 5 #USDCoin #USDC",usdcoin   usdc price   1 00 change in 1h   0 01560732  market cap   52 939 114 565 67 ranking  5  usdcoin  usdc
23,1647781208000.0,2022-03-20 06:00:08,Build and Build (BNB) and USDCoin (USDC) struggle for the 5th spot for the 5th week in a row as Bitcoin retains its lead for Most Valuable Coin this week.   ___ What‚Äôs your favourite coin on the list?  #EarnonVIBRA #VIBRADoubles #P2P #BTC #SamsungS22Ultra  https://t.co/6O3TjO6iAE,build and build  bnb  and usdcoin  usdc  struggle for the 5th spot for the 5th week in a row as bitcoin retains its lead for most valuable coin this week        what s your favourite coin on the list    earnonvibra  vibradoubles  p2p  btc  samsungs22ultra   
24,1647780225000.0,2022-03-20 05:43:45,#Tether #USDCoin, tether  usdcoin
25,1647777622000.0,2022-03-20 05:00:22,"USDCoin - USDC Price: $1.00 Change in 1h: -0.01657149% Market cap: $52,926,405,845.45 Ranking: 5 #USDCoin #USDC",usdcoin   usdc price   1 00 change in 1h   0 01657149  market cap   52 926 405 845 45 ranking  5  usdcoin  usdc
26,1647774022000.0,2022-03-20 04:00:22,"USDCoin - USDC Price: $1.00 Change in 1h: -0.01747605% Market cap: $52,935,177,994.38 Ranking: 5 #USDCoin #USDC",usdcoin   usdc price   1 00 change in 1h   0 01747605  market cap   52 935 177 994 38 ranking  5  usdcoin  usdc
27,1647770423000.0,2022-03-20 03:00:23,"USDCoin - USDC Price: $1.00 Change in 1h: +0.01237889% Market cap: $52,950,092,720.42 Ranking: 5 #USDCoin #USDC",usdcoin   usdc price   1 00 change in 1h   0 01237889  market cap   52 950 092 720 42 ranking  5  usdcoin  usdc
28,1647766822000.0,2022-03-20 02:00:22,"USDCoin - USDC Price: $1.00 Change in 1h: +0.01329569% Market cap: $52,943,538,896.63 Ranking: 5 #USDCoin #USDC",usdcoin   usdc price   1 00 change in 1h   0 01329569  market cap   52 943 538 896 63 ranking  5  usdcoin  usdc
29,1647763802000.0,2022-03-20 01:10:02,"Top 5 #cryptocurrencies   Alert Time: 2022-03-20 11:10:02 #Bitcoin: $41,852.31414 #Ethereum: $2,924.70308 #Tether: $1.00057 #BNB: $397.39865 #USDCoin: $0.99977 #instabtc #mining #coldwallet #pos   https://t.co/bYAZzBtkpl",top 5  cryptocurrencies   alert time  2022 03 20 11 10 02  bitcoin   41 852 31414  ethereum   2 924 70308  tether   1 00057  bnb   397 39865  usdcoin   0 99977  instabtc  mining  coldwallet  pos    
30,1647763222000.0,2022-03-20 01:00:22,"USDCoin - USDC Price: $1.00 Change in 1h: -0.01641829% Market cap: $52,936,594,231.44 Ranking: 5 #USDCoin #USDC",usdcoin   usdc price   1 00 change in 1h   0 01641829  market cap   52 936 594 231 44 ranking  5  usdcoin  usdc
31,1647759622000.0,2022-03-20 00:00:22,"USDCoin - USDC Price: $1.00 Change in 1h: +0.02265232% Market cap: $52,945,286,944.42 Ranking: 5 #USDCoin #USDC",usdcoin   usdc price   1 00 change in 1h   0 02265232  market cap   52 945 286 944 42 ranking  5  usdcoin  usdc
32,1647756024000.0,2022-03-19 23:00:24,"USDCoin - USDC Price: $1.00 Change in 1h: -0.00328518% Market cap: $52,930,279,992.59 Ranking: 5 #USDCoin #USDC",usdcoin   usdc price   1 00 change in 1h   0 00328518  market cap   52 930 279 992 59 ranking  5  usdcoin  usdc
33,1647752422000.0,2022-03-19 22:00:22,"USDCoin - USDC Price: $1.00 Change in 1h: -0.00627632% Market cap: $52,932,018,904.57 Ranking: 5 #USDCoin #USDC",usdcoin   usdc price   1 00 change in 1h   0 00627632  market cap   52 932 018 904 57 ranking  5  usdcoin  usdc
34,1647751178000.0,2022-03-19 21:39:38,New pair : Phoenix/USDC.e on Trader Joe (PhoenixFinancial/USDCoin) (address=0xabf13ca657e74e086405b4b88af7294330c81546),new pair   phoenix usdc e on trader joe  phoenixfinancial usdcoin   address 0xabf13ca657e74e086405b4b88af7294330c81546 
35,1647748822000.0,2022-03-19 21:00:22,"USDCoin - USDC Price: $1.00 Change in 1h: +0.00650341% Market cap: $52,919,800,675.49 Ranking: 5 #USDCoin #USDC",usdcoin   usdc price   1 00 change in 1h   0 00650341  market cap   52 919 800 675 49 ranking  5  usdcoin  usdc
36,1647747967000.0,2022-03-19 20:46:07,"#USDC is a fully collateralised US dollar #stablecoin. USDC is the bridge between dollars and trading on cryptocurrency exchanges. Buy, Sell, #Trade #USDCoin $USDC with $NZD, $BTC, $ETH, &amp; $USDT  https://t.co/P0EIBWFh4V   #DeFi  https://t.co/oAoLTthv3C", usdc is a fully collateralised us dollar  stablecoin  usdc is the bridge between dollars and trading on cryptocurrency exchanges  buy  sell   trade  usdcoin  usdc with  nzd   btc   eth   amp   usdt       defi   
37,1647745222000.0,2022-03-19 20:00:22,"USDCoin - USDC Price: $1.00 Change in 1h: -0.00842068% Market cap: $52,916,359,309.91 Ranking: 5 #USDCoin #USDC",usdcoin   usdc price   1 00 change in 1h   0 00842068  market cap   52 916 359 309 91 ranking  5  usdcoin  usdc
38,1647741623000.0,2022-03-19 19:00:23,"USDCoin - USDC Price: $1.00 Change in 1h: -0.00298567% Market cap: $52,904,382,031.49 Ranking: 5 #USDCoin #USDC",usdcoin   usdc price   1 00 change in 1h   0 00298567  market cap   52 904 382 031 49 ranking  5  usdcoin  usdc
39,1647738022000.0,2022-03-19 18:00:22,"USDCoin - USDC Price: $1.00 Change in 1h: +0.00931831% Market cap: $52,905,961,626.95 Ranking: 5 #USDCoin #USDC",usdcoin   usdc price   1 00 change in 1h   0 00931831  market cap   52 905 961 626 95 ranking  5  usdcoin  usdc
40,1647737224000.0,2022-03-19 17:47:04,"‡∏£‡∏≤‡∏Ñ‡∏≤‡∏ö‡∏¥‡∏ó‡∏Ñ‡∏≠‡∏¢‡∏ô‡πå‡∏ß‡∏±‡∏ô‡∏ô‡∏µ‡πâ ‡∏Ç‡∏¢‡∏±‡∏ö‡∏Ç‡∏∂‡πâ‡∏ô 0.88 % ‡∏≠‡∏¢‡∏π‡πà‡∏ó‡∏µ‡πà 42,242 ‡∏î‡∏≠‡∏•‡∏•‡∏≤‡∏£‡πå ‡∏•‡∏∏‡πâ‡∏ô‡∏ú‡∏•‡πÄ‡∏à‡∏£‡∏à‡∏≤‡∏™‡∏±‡∏ô‡∏ï‡∏¥‡∏£‡∏±‡∏™‡πÄ‡∏ã‡∏µ‡∏¢-‡∏¢‡∏π‡πÄ‡∏Ñ‡∏£‡∏ô   https://t.co/RTXAaj6jEA  #‡∏£‡∏≤‡∏Ñ‡∏≤‡∏ö‡∏¥‡∏ó‡∏Ñ‡∏≠‡∏¢‡∏ó‡πå‡∏ß‡∏±‡∏ô‡∏ô‡∏µ‡πâ #‡∏ö‡∏¥‡∏ó‡∏Ñ‡∏≠‡∏¢‡∏ó‡πå #Bitcoin #Ethereum #Tether #BNB  #USDCoin #TNN #TNNThailand #TNN‡∏ä‡πà‡∏≠‡∏á16 #TNNONLINE #TNNWEALTH  https://t.co/ozui1kTP8Q",                            0 88           42 242                                                                            bitcoin  ethereum  tether  bnb   usdcoin  tnn  tnnthailand  tnn    16  tnnonline  tnnwealth   
41,1647734421000.0,2022-03-19 17:00:21,"USDCoin - USDC Price: $1.00 Change in 1h: -0.00530894% Market cap: $52,900,838,876.12 Ranking: 5 #USDCoin #USDC",usdcoin   usdc price   1 00 change in 1h   0 00530894  market cap   52 900 838 876 12 ranking  5  usdcoin  usdc
42,1647730822000.0,2022-03-19 16:00:22,"USDCoin - USDC Price: $1.00 Change in 1h: +0.01076293% Market cap: $52,903,647,501.27 Ranking: 5 #USDCoin #USDC",usdcoin   usdc price   1 00 change in 1h   0 01076293  market cap   52 903 647 501 27 ranking  5  usdcoin  usdc
43,1647727222000.0,2022-03-19 15:00:22,"USDCoin - USDC Price: $1.00 Change in 1h: -0.00890277% Market cap: $52,893,537,816.69 Ranking: 5 #USDCoin #USDC",usdcoin   usdc price   1 00 change in 1h   0 00890277  market cap   52 893 537 816 69 ranking  5  usdcoin  usdc
44,1647725486000.0,2022-03-19 14:31:26,„Äå„Åè„Åò„ÇíÂºï„Åè„Äç„Éú„Çø„É≥„Çí„ÇØ„É™„ÉÉ„ÇØ„Åó„Å¶  ÁÑ°Êñô #USDCoin „Çí„Ç≤„ÉÉ„Éà„Åó„Åæ„Åó„Çá„ÅÜ„ÄÇ #USDC   https://t.co/RSRdcjPSKw,                       usdcoin             usdc    
45,1647723622000.0,2022-03-19 14:00:22,"USDCoin - USDC Price: $1.00 Change in 1h: -0.00355763% Market cap: $52,898,247,226.75 Ranking: 5 #USDCoin #USDC",usdcoin   usdc price   1 00 change in 1h   0 00355763  market cap   52 898 247 226 75 ranking  5  usdcoin  usdc
46,1647720022000.0,2022-03-19 13:00:22,"USDCoin - USDC Price: $1.00 Change in 1h: +0.00015947% Market cap: $52,900,609,416.93 Ranking: 5 #USDCoin #USDC",usdcoin   usdc price   1 00 change in 1h   0 00015947  market cap   52 900 609 416 93 ranking  5  usdcoin  usdc
47,1647716680000.0,2022-03-19 12:04:40,New pair : JEWEL/USDC on Trader Joe (Jewels/USDCoin) (address=0xf580f42485ddad6afe0c777c1d69bbfcdba157d8),new pair   jewel usdc on trader joe  jewels usdcoin   address 0xf580f42485ddad6afe0c777c1d69bbfcdba157d8 
48,1647716422000.0,2022-03-19 12:00:22,"USDCoin - USDC Price: $1.00 Change in 1h: -0.01477956% Market cap: $52,900,525,057.97 Ranking: 5 #USDCoin #USDC",usdcoin   usdc price   1 00 change in 1h   0 01477956  market cap   52 900 525 057 97 ranking  5  usdcoin  usdc
49,1647712822000.0,2022-03-19 11:00:22,"USDCoin - USDC Price: $1.00 Change in 1h: -0.00186169% Market cap: $52,910,510,585.08 Ranking: 5 #USDCoin #USDC",usdcoin   usdc price   1 00 change in 1h   0 00186169  market cap   52 910 510 585 08 ranking  5  usdcoin  usdc
50,1647709222000.0,2022-03-19 10:00:22,"USDCoin - USDC Price: $1.00 Change in 1h: +0.01828345% Market cap: $52,911,495,632.50 Ranking: 5 #USDCoin #USDC",usdcoin   usdc price   1 00 change in 1h   0 01828345  market cap   52 911 495 632 50 ranking  5  usdcoin  usdc
51,1647705622000.0,2022-03-19 09:00:22,"USDCoin - USDC Price: $1.00 Change in 1h: -0.01004465% Market cap: $52,902,261,219.43 Ranking: 5 #USDCoin #USDC",usdcoin   usdc price   1 00 change in 1h   0 01004465  market cap   52 902 261 219 43 ranking  5  usdcoin  usdc
52,1647704700000.0,2022-03-19 08:45:00,"*Insert Drum roll please* Here is our Saturday night reveal of our latest avatar, #USDCoin !!  P.S. Did our #NFTartists do justice to #USDC ? Let us know in the comments!  #bthustlersnft #NFTCommunity  https://t.co/6KLwMVqwQi", insert drum roll please  here is our saturday night reveal of our latest avatar   usdcoin     p s  did our  nftartists do justice to  usdc   let us know in the comments    bthustlersnft  nftcommunity   
53,1647702120000.0,2022-03-19 08:02:00,Cryptocurrencies by Market Cap -  https://t.co/KDvyQkaVEN #cryptocurrency #bitcoin #ethereum #tether #binancecoin #usdcoin  https://t.co/qj3G5WDm2C,cryptocurrencies by market cap       cryptocurrency  bitcoin  ethereum  tether  binancecoin  usdcoin   
54,1647702022000.0,2022-03-19 08:00:22,"USDCoin - USDC Price: $1.00 Change in 1h: +0.01082806% Market cap: $52,907,575,600.88 Ranking: 5 #USDCoin #USDC",usdcoin   usdc price   1 00 change in 1h   0 01082806  market cap   52 907 575 600 88 ranking  5  usdcoin  usdc
55,1647698422000.0,2022-03-19 07:00:22,"USDCoin - USDC Price: $1.00 Change in 1h: -0.00573375% Market cap: $52,906,546,374.66 Ranking: 5 #USDCoin #USDC",usdcoin   usdc price   1 00 change in 1h   0 00573375  market cap   52 906 546 374 66 ranking  5  usdcoin  usdc
56,1647694822000.0,2022-03-19 06:00:22,"USDCoin - USDC Price: $1.00 Change in 1h: -0.01154726% Market cap: $52,909,580,078.56 Ranking: 5 #USDCoin #USDC",usdcoin   usdc price   1 00 change in 1h   0 01154726  market cap   52 909 580 078 56 ranking  5  usdcoin  usdc
57,1647694332000.0,2022-03-19 05:52:12,New pair : Planet/USDC.e on Trader Joe (PlanetNodes/USDCoin) (address=0x72baccae15867693c064fc350c955ca91949eab0),new pair   planet usdc e on trader joe  planetnodes usdcoin   address 0x72baccae15867693c064fc350c955ca91949eab0 
58,1647691222000.0,2022-03-19 05:00:22,"USDCoin - USDC Price: $1.00 Change in 1h: +0.00954888% Market cap: $52,903,352,890.29 Ranking: 5 #USDCoin #USDC",usdcoin   usdc price   1 00 change in 1h   0 00954888  market cap   52 903 352 890 29 ranking  5  usdcoin  usdc
59,1647687622000.0,2022-03-19 04:00:22,"USDCoin - USDC Price: $1.00 Change in 1h: -0.00070426% Market cap: $52,898,301,694.79 Ranking: 5 #USDCoin #USDC",usdcoin   usdc price   1 00 change in 1h   0 00070426  market cap   52 898 301 694 79 ranking  5  usdcoin  usdc
60,1647684023000.0,2022-03-19 03:00:23,"USDCoin - USDC Price: $1.00 Change in 1h: +0.00254513% Market cap: $52,898,176,049.56 Ranking: 5 #USDCoin #USDC",usdcoin   usdc price   1 00 change in 1h   0 00254513  market cap   52 898 176 049 56 ranking  5  usdcoin  usdc
61,1647682701000.0,2022-03-19 02:38:21,@rafal_zaorski Gram na usdcoin perpetual. Isolated margin,  zaorski gram na usdcoin perpetual  isolated margin
62,1647680424000.0,2022-03-19 02:00:24,"USDCoin - USDC Price: $1.00 Change in 1h: +0.03342546% Market cap: $52,896,829,754.66 Ranking: 5 #USDCoin #USDC",usdcoin   usdc price   1 00 change in 1h   0 03342546  market cap   52 896 829 754 66 ranking  5  usdcoin  usdc
63,1647677402000.0,2022-03-19 01:10:02,"Top 5 #cryptocurrencies   Alert Time: 2022-03-19 11:10:02 #Bitcoin: $41,618.32547 #Ethereum: $2,926.75493 #Tether: $1.00041 #BNB: $395.45538 #USDCoin: $0.99980 #trx #FUD #pos #steemit   https://t.co/bYAZzBtkpl",top 5  cryptocurrencies   alert time  2022 03 19 11 10 02  bitcoin   41 618 32547  ethereum   2 926 75493  tether   1 00041  bnb   395 45538  usdcoin   0 99980  trx  fud  pos  steemit    
64,1647676822000.0,2022-03-19 01:00:22,"USDCoin - USDC Price: $1.00 Change in 1h: -0.01628668% Market cap: $52,879,549,081.77 Ranking: 5 #USDCoin #USDC",usdcoin   usdc price   1 00 change in 1h   0 01628668  market cap   52 879 549 081 77 ranking  5  usdcoin  usdc
65,1647673222000.0,2022-03-19 00:00:22,"USDCoin - USDC Price: $1.00 Change in 1h: +0.0104766% Market cap: $52,888,162,809.98 Ranking: 5 #USDCoin #USDC",usdcoin   usdc price   1 00 change in 1h   0 0104766  market cap   52 888 162 809 98 ranking  5  usdcoin  usdc
66,1647669623000.0,2022-03-18 23:00:23,"USDCoin - USDC Price: $1.00 Change in 1h: -0.00161896% Market cap: $52,847,535,895.20 Ranking: 5 #USDCoin #USDC",usdcoin   usdc price   1 00 change in 1h   0 00161896  market cap   52 847 535 895 20 ranking  5  usdcoin  usdc
67,1647666023000.0,2022-03-18 22:00:23,"USDCoin - USDC Price: $1.00 Change in 1h: -0.0034085% Market cap: $52,848,391,489.64 Ranking: 5 #USDCoin #USDC",usdcoin   usdc price   1 00 change in 1h   0 0034085  market cap   52 848 391 489 64 ranking  5  usdcoin  usdc
68,1647662423000.0,2022-03-18 21:00:23,"USDCoin - USDC Price: $1.00 Change in 1h: -0.00942587% Market cap: $52,849,843,594.63 Ranking: 5 #USDCoin #USDC",usdcoin   usdc price   1 00 change in 1h   0 00942587  market cap   52 849 843 594 63 ranking  5  usdcoin  usdc
69,1647658822000.0,2022-03-18 20:00:22,"USDCoin - USDC Price: $1.00 Change in 1h: -0.00376647% Market cap: $52,854,825,623.93 Ranking: 5 #USDCoin #USDC",usdcoin   usdc price   1 00 change in 1h   0 00376647  market cap   52 854 825 623 93 ranking  5  usdcoin  usdc
70,1647656750000.0,2022-03-18 19:25:50,"‡∏£‡∏≤‡∏Ñ‡∏≤‡∏ö‡∏¥‡∏ó‡∏Ñ‡∏≠‡∏¢‡∏ô‡πå‡∏ß‡∏±‡∏ô‡∏ô‡∏µ‡πâ ‡∏Ç‡∏¢‡∏±‡∏ö‡∏Ç‡∏∂‡πâ‡∏ô  2.79% ‡∏≠‡∏¢‡∏π‡πà‡∏ó‡∏µ‡πà 41,673 ‡∏î‡∏≠‡∏•‡∏•‡∏≤‡∏£‡πå ‡∏ó‡πà‡∏≤‡∏°‡∏Å‡∏•‡∏≤‡∏á‡∏™‡∏ñ‡∏≤‡∏ô‡∏Å‡∏≤‡∏£‡∏ì‡πå‡∏£‡∏±‡∏™‡πÄ‡∏ã‡∏µ‡∏¢-‡∏¢‡∏π‡πÄ‡∏Ñ‡∏£‡∏ô‡∏ó‡∏µ‡πà‡∏¢‡∏±‡∏á‡∏°‡∏µ‡∏ï‡πà‡∏≠‡πÄ‡∏ô‡∏∑‡πà‡∏≠‡∏á   ‡∏≠‡πà‡∏≤‡∏ô‡∏Ç‡πà‡∏≤‡∏ß‡∏Ñ‡∏•‡∏¥‡∏Å‡∏ó‡∏µ‡πà‡∏ô‡∏µ‡πà  https://t.co/RTXAaj6jEA  #‡∏£‡∏≤‡∏Ñ‡∏≤‡∏ö‡∏¥‡∏ó‡∏Ñ‡∏≠‡∏¢‡∏ó‡πå‡∏ß‡∏±‡∏ô‡∏ô‡∏µ‡πâ #‡∏ö‡∏¥‡∏ó‡∏Ñ‡∏≠‡∏¢‡∏ó‡πå #Bitcoin #Ethereum #Tether #BNB #USDCoin #TNN #TNNThailand #TNN‡∏ä‡πà‡∏≠‡∏á16 #TNNONLINE #TNNWEALTH  https://t.co/pZ0g7QDJkX",                             2 79          41 673                                                                                                                  bitcoin  ethereum  tether  bnb  usdcoin  tnn  tnnthailand  tnn    16  tnnonline  tnnwealth   
71,1647655222000.0,2022-03-18 19:00:22,"USDCoin - USDC Price: $1.00 Change in 1h: -0.00646899% Market cap: $52,847,989,815.98 Ranking: 5 #USDCoin #USDC",usdcoin   usdc price   1 00 change in 1h   0 00646899  market cap   52 847 989 815 98 ranking  5  usdcoin  usdc
72,1647651623000.0,2022-03-18 18:00:23,"USDCoin - USDC Price: $1.00 Change in 1h: -0.00467837% Market cap: $52,851,408,768.59 Ranking: 5 #USDCoin #USDC",usdcoin   usdc price   1 00 change in 1h   0 00467837  market cap   52 851 408 768 59 ranking  5  usdcoin  usdc
73,1647648023000.0,2022-03-18 17:00:23,"USDCoin - USDC Price: $1.00 Change in 1h: +0.0052772% Market cap: $52,849,974,877.98 Ranking: 5 #USDCoin #USDC",usdcoin   usdc price   1 00 change in 1h   0 0052772  market cap   52 849 974 877 98 ranking  5  usdcoin  usdc
74,1647644422000.0,2022-03-18 16:00:22,"USDCoin - USDC Price: $1.00 Change in 1h: -0.00023461% Market cap: $52,847,186,028.32 Ranking: 5 #USDCoin #USDC",usdcoin   usdc price   1 00 change in 1h   0 00023461  market cap   52 847 186 028 32 ranking  5  usdcoin  usdc
75,1647644001000.0,2022-03-18 15:53:21,"New pair : STG/USDC on Trader Joe (StargateToken/USDCoin) (address=0x330f77bda60d8dab14d2bb4f6248251443722009)",new pair   stg usdc on trader joe   stargatetoken usdcoin   address 0x330f77bda60d8dab14d2bb4f6248251443722009 
76,1647640823000.0,2022-03-18 15:00:23,"USDCoin - USDC Price: $1.00 Change in 1h: -0.00142493% Market cap: $52,679,467,143.88 Ranking: 5 #USDCoin #USDC",usdcoin   usdc price   1 00 change in 1h   0 00142493  market cap   52 679 467 143 88 ranking  5  usdcoin  usdc
77,1647639265000.0,2022-03-18 14:34:25,New pair : NEWO/USDC on Trader Joe (NewOrder/USDCoin) (address=0xb25a79b34d21794388b2289b45c889454cff580f),new pair   newo usdc on trader joe  neworder usdcoin   address 0xb25a79b34d21794388b2289b45c889454cff580f 
78,1647637222000.0,2022-03-18 14:00:22,"USDCoin - USDC Price: $1.00 Change in 1h: -0.01700231% Market cap: $52,680,217,800.49 Ranking: 5 #USDCoin #USDC",usdcoin   usdc price   1 00 change in 1h   0 01700231  market cap   52 680 217 800 49 ranking  5  usdcoin  usdc
79,1647633622000.0,2022-03-18 13:00:22,"USDCoin - USDC Price: $1.00 Change in 1h: +0.00951543% Market cap: $52,692,727,530.07 Ranking: 5 #USDCoin #USDC",usdcoin   usdc price   1 00 change in 1h   0 00951543  market cap   52 692 727 530 07 ranking  5  usdcoin  usdc
80,1647630666000.0,2022-03-18 12:11:06,@Stimpyz1 @DiMartinoBooth Isn‚Äôt that a principle feature that they‚Äôll design a USDCoin for?,    isn t that a principle feature that they ll design a usdcoin for 
81,1647630022000.0,2022-03-18 12:00:22,"USDCoin - USDC Price: $1.00 Change in 1h: +0.01407707% Market cap: $52,687,714,068.63 Ranking: 5 #USDCoin #USDC",usdcoin   usdc price   1 00 change in 1h   0 01407707  market cap   52 687 714 068 63 ranking  5  usdcoin  usdc
82,1647627303000.0,2022-03-18 11:15:03,Top 5 #crypto losers   Alert Time: 2022-03-18 17:15:03 #USDCoin: $0.99967  #Edgecoin: $1.00148  #PaxosStandard: $1.00010  #XRP: $0.79183  #Filecoin: $17.59298  #instaairdrop #cryptocurrency #ico #cryptocurrencymarket   https://t.co/N8KXdQGWxZ,top 5  crypto losers   alert time  2022 03 18 17 15 03  usdcoin   0 99967   edgecoin   1 00148   paxosstandard   1 00010   xrp   0 79183   filecoin   17 59298   instaairdrop  cryptocurrency  ico  cryptocurrencymarket    
83,1647626422000.0,2022-03-18 11:00:22,"USDCoin - USDC Price: $1.00 Change in 1h: -0.01193565% Market cap: $52,697,623,079.83 Ranking: 5 #USDCoin #USDC",usdcoin   usdc price   1 00 change in 1h   0 01193565  market cap   52 697 623 079 83 ranking  5  usdcoin  usdc
84,1647622822000.0,2022-03-18 10:00:22,"USDCoin - USDC Price: $1.00 Change in 1h: +0.02062761% Market cap: $52,703,913,634.54 Ranking: 5 #USDCoin #USDC",usdcoin   usdc price   1 00 change in 1h   0 02062761  market cap   52 703 913 634 54 ranking  5  usdcoin  usdc
85,1647620866000.0,2022-03-18 09:27:46,#Tether #USDCoin, tether  usdcoin
86,1647619222000.0,2022-03-18 09:00:22,"USDCoin - USDC Price: $1.00 Change in 1h: -0.01970884% Market cap: $52,730,398,062.40 Ranking: 5 #USDCoin #USDC",usdcoin   usdc price   1 00 change in 1h   0 01970884  market cap   52 730 398 062 40 ranking  5  usdcoin  usdc
87,1647615720000.0,2022-03-18 08:02:00,Cryptocurrencies by Market Cap -  https://t.co/KDvyQkbtul #cryptocurrency #bitcoin #ethereum #tether #binancecoin #usdcoin  https://t.co/4rlZbO4ZfB,cryptocurrencies by market cap       cryptocurrency  bitcoin  ethereum  tether  binancecoin  usdcoin   
88,1647615622000.0,2022-03-18 08:00:22,"USDCoin - USDC Price: $1.00 Change in 1h: +0.01274139% Market cap: $52,740,792,659.36 Ranking: 5 #USDCoin #USDC",usdcoin   usdc price   1 00 change in 1h   0 01274139  market cap   52 740 792 659 36 ranking  5  usdcoin  usdc
89,1647614602000.0,2022-03-18 07:43:22,New pair : USDC.e/MJT on Trader Joe (USDCoin/MajestyNode) (address=0x4107c6cb82da8d472a8833afd071efb6c327fdc9),new pair   usdc e mjt on trader joe  usdcoin majestynode   address 0x4107c6cb82da8d472a8833afd071efb6c327fdc9 
90,1647612022000.0,2022-03-18 07:00:22,"USDCoin - USDC Price: $1.00 Change in 1h: -0.00294611% Market cap: $52,737,197,494.23 Ranking: 5 #USDCoin #USDC",usdcoin   usdc price   1 00 change in 1h   0 00294611  market cap   52 737 197 494 23 ranking  5  usdcoin  usdc
91,1647608422000.0,2022-03-18 06:00:22,"USDCoin - USDC Price: $1.00 Change in 1h: -0.00837048% Market cap: $52,738,751,234.07 Ranking: 5 #USDCoin #USDC",usdcoin   usdc price   1 00 change in 1h   0 00837048  market cap   52 738 751 234 07 ranking  5  usdcoin  usdc
92,1647604824000.0,2022-03-18 05:00:24,"USDCoin - USDC Price: $1.00 Change in 1h: +0.03900527% Market cap: $52,741,458,189.25 Ranking: 5 #USDCoin #USDC",usdcoin   usdc price   1 00 change in 1h   0 03900527  market cap   52 741 458 189 25 ranking  5  usdcoin  usdc
93,1647601222000.0,2022-03-18 04:00:22,"USDCoin - USDC Price: $1.00 Change in 1h: -0.02214681% Market cap: $52,720,894,259.57 Ranking: 5 #USDCoin #USDC",usdcoin   usdc price   1 00 change in 1h   0 02214681  market cap   52 720 894 259 57 ranking  5  usdcoin  usdc
94,1647598864000.0,2022-03-18 03:21:04,Let's check out who is trending on @CoinMarketCapüëáüßµüèåÔ∏è  #Bitcoin #Ethereum #Tether #BNB #USDCoin  #Crypto #Blockchain  https://t.co/aOVgSE9zLy,let s check out who is trending on         bitcoin  ethereum  tether  bnb  usdcoin   crypto  blockchain   
95,1647597623000.0,2022-03-18 03:00:23,"USDCoin - USDC Price: $1.00 Change in 1h: -0.00763286% Market cap: $52,735,041,059.66 Ranking: 5 #USDCoin #USDC",usdcoin   usdc price   1 00 change in 1h   0 00763286  market cap   52 735 041 059 66 ranking  5  usdcoin  usdc
96,1647594022000.0,2022-03-18 02:00:22,"USDCoin - USDC Price: $1.00 Change in 1h: +0.01476443% Market cap: $52,739,066,560.08 Ranking: 5 #USDCoin #USDC",usdcoin   usdc price   1 00 change in 1h   0 01476443  market cap   52 739 066 560 08 ranking  5  usdcoin  usdc
97,1647591002000.0,2022-03-18 01:10:02,"Top 5 #cryptocurrencies   Alert Time: 2022-03-18 11:10:02 #Bitcoin: $40,604.63776 #Ethereum: $2,791.05145 #Tether: $1.00044 #BNB: $387.11226 #USDCoin: $0.99959 #cryptocurrency #newcryptocurrency #pumpanddump #dash   https://t.co/bYAZzBtkpl",top 5  cryptocurrencies   alert time  2022 03 18 11 10 02  bitcoin   40 604 63776  ethereum   2 791 05145  tether   1 00044  bnb   387 11226  usdcoin   0 99959  cryptocurrency  newcryptocurrency  pumpanddump  dash    
98,1647590422000.0,2022-03-18 01:00:22,"USDCoin - USDC Price: $1.00 Change in 1h: -0.00731154% Market cap: $52,721,943,748.20 Ranking: 5 #USDCoin #USDC",usdcoin   usdc price   1 00 change in 1h   0 00731154  market cap   52 721 943 748 20 ranking  5  usdcoin  usdc
99,1647586823000.0,2022-03-18 00:00:23,"USDCoin - USDC Price: $1.00 Change in 1h: +0.00434248% Market cap: $52,725,798,816.82 Ranking: 5 #USDCoin #USDC",usdcoin   usdc price   1 00 change in 1h   0 00434248  market cap   52 725 798 816 82 ranking  5  usdcoin  usdc
100,1647585522000.0,2022-03-17 23:38:42,NO NEED TO DO 10% ANNUAL INTEREST RATE NCD(INDIANüáÆüá≥ RUPEE LESS VALUABLE IN COMPARISON TO üéØTO US DOLLARüí∞ (2)12.86%AVAILABLE MONTHLY BASIS ON USDCOIN STABLE CURRENCY  https://t.co/FavCqQTYXa,no need to do 10  annual interest rate ncd indian   rupee less valuable in comparison to  to us dollar   2 12 86 available monthly basis on usdcoin stable currency   
101,1647584958000.0,2022-03-17 23:29:18,DEAR FOLLOWERS ACCEPT INTEREST ONLY IN USDCOIN SECURED BY GOVERNMENT FOR YOUR CERTAIN INCOME (2) CRYPTO IRREVERSIBLE DECENTRALIZEDüá∑üá∫üá®üá≥ üá∫üá∏REQUIRED ONLY IN WAR (EXAMPLE -2017/2022-ACCORDING TO FORBES NEWS üì∞)  https://t.co/zefFbKx6Rf,dear followers accept interest only in usdcoin secured by government for your certain income  2  crypto irreversible decentralized       required only in war  example  2017 2022 according to forbes news      
102,1647583223000.0,2022-03-17 23:00:23,"USDCoin - USDC Price: $1.00 Change in 1h: -0.00031466% Market cap: $52,724,836,183.81 Ranking: 5 #USDCoin #USDC",usdcoin   usdc price   1 00 change in 1h   0 00031466  market cap   52 724 836 183 81 ranking  5  usdcoin  usdc
103,1647579622000.0,2022-03-17 22:00:22,"USDCoin - USDC Price: $1.00 Change in 1h: -0.01356535% Market cap: $52,725,002,088.57 Ranking: 5 #USDCoin #USDC",usdcoin   usdc price   1 00 change in 1h   0 01356535  market cap   52 725 002 088 57 ranking  5  usdcoin  usdc
104,1647576022000.0,2022-03-17 21:00:22,"USDCoin - USDC Price: $1.00 Change in 1h: +0.00399986% Market cap: $52,734,855,426.70 Ranking: 5 #USDCoin #USDC",usdcoin   usdc price   1 00 change in 1h   0 00399986  market cap   52 734 855 426 70 ranking  5  usdcoin  usdc
105,1647572422000.0,2022-03-17 20:00:22,"USDCoin - USDC Price: $1.00 Change in 1h: -0.01553259% Market cap: $52,732,746,189.25 Ranking: 5 #USDCoin #USDC",usdcoin   usdc price   1 00 change in 1h   0 01553259  market cap   52 732 746 189 25 ranking  5  usdcoin  usdc
106,1647568822000.0,2022-03-17 19:00:22,"USDCoin - USDC Price: $1.00 Change in 1h: +0.03859331% Market cap: $52,764,907,717.09 Ranking: 5 #USDCoin #USDC",usdcoin   usdc price   1 00 change in 1h   0 03859331  market cap   52 764 907 717 09 ranking  5  usdcoin  usdc
107,1647568086000.0,2022-03-17 18:48:06,"‡∏£‡∏≤‡∏Ñ‡∏≤‡∏ö‡∏¥‡∏ó‡∏Ñ‡∏≠‡∏¢‡∏ô‡πå‡∏ß‡∏±‡∏ô‡∏ô‡∏µ‡πâ ‡∏Ç‡∏¢‡∏±‡∏ö‡∏•‡∏á 1.80% ‡∏≠‡∏¢‡∏π‡πà‡∏ó‡∏µ‡πà 40,468.90 ‡∏î‡∏≠‡∏•‡∏•‡∏≤‡∏£‡πå ‡∏¢‡∏±‡∏á‡∏ú‡∏±‡∏ô‡∏ú‡∏ß‡∏ô‡∏ï‡πà‡∏≠‡πÄ‡∏ô‡∏∑‡πà‡∏≠‡∏á ‡∏Ç‡∏ì‡∏∞‡∏ó‡∏µ‡πà‡∏£‡∏±‡∏™‡πÄ‡∏ã‡∏µ‡∏¢‡∏£‡∏≠‡∏î‡∏û‡πâ‡∏ô‡∏à‡∏≤‡∏Å‡∏Å‡∏≤‡∏£‡∏ú‡∏¥‡∏î‡∏ô‡∏±‡∏î‡∏ä‡∏≥‡∏£‡∏∞‡∏´‡∏ô‡∏µ‡πâ‡πÅ‡∏•‡πâ‡∏ß   https://t.co/RTXAaj6jEA  #‡∏£‡∏≤‡∏Ñ‡∏≤‡∏ö‡∏¥‡∏ó‡∏Ñ‡∏≠‡∏¢‡∏ó‡πå‡∏ß‡∏±‡∏ô‡∏ô‡∏µ‡πâ #‡∏ö‡∏¥‡∏ó‡∏Ñ‡∏≠‡∏¢‡∏ó‡πå #Bitcoin #Ethereum #Tether #BNB #USDCoin #TNN #TNNThailand #TNN‡∏ä‡πà‡∏≠‡∏á16 #TNNONLINE #TNNWEALTH  https://t.co/8U3RuBZXpG",                          1 80          40 468 90                                                                                                            bitcoin  ethereum  tether  bnb  usdcoin  tnn  tnnthailand  tnn    16  tnnonline  tnnwealth   
108,1647565225000.0,2022-03-17 18:00:25,"USDCoin - USDC Price: $1.00 Change in 1h: -0.02864532% Market cap: $52,744,551,847.81 Ranking: 5 #USDCoin #USDC",usdcoin   usdc price   1 00 change in 1h   0 02864532  market cap   52 744 551 847 81 ranking  5  usdcoin  usdc
109,1647561622000.0,2022-03-17 17:00:22,"USDCoin - USDC Price: $1.00 Change in 1h: -0.01431121% Market cap: $52,712,972,013.17 Ranking: 5 #USDCoin #USDC",usdcoin   usdc price   1 00 change in 1h   0 01431121  market cap   52 712 972 013 17 ranking  5  usdcoin  usdc
110,1647558023000.0,2022-03-17 16:00:23,"USDCoin - USDC Price: $1.00 Change in 1h: -0.00514778% Market cap: $52,720,516,957.43 Ranking: 5 #USDCoin #USDC",usdcoin   usdc price   1 00 change in 1h   0 00514778  market cap   52 720 516 957 43 ranking  5  usdcoin  usdc
111,1647554422000.0,2022-03-17 15:00:22,"USDCoin - USDC Price: $1.00 Change in 1h: +0.01006168% Market cap: $52,562,737,637.94 Ranking: 5 #USDCoin #USDC",usdcoin   usdc price   1 00 change in 1h   0 01006168  market cap   52 562 737 637 94 ranking  5  usdcoin  usdc
112,1647550823000.0,2022-03-17 14:00:23,"USDCoin - USDC Price: $1.00 Change in 1h: -0.00736056% Market cap: $52,557,449,476.80 Ranking: 5 #USDCoin #USDC",usdcoin   usdc price   1 00 change in 1h   0 00736056  market cap   52 557 449 476 80 ranking  5  usdcoin  usdc
