,created_at,date,tweet
0,1649635166000.0,2022-04-10 16:59:26,@Binance_Turkish Avax
1,1649635108000.0,2022-04-10 16:58:28,"#AVAXUSDT Bear Alert!  5X Volume Price:      80.97 5-min %: -1.5% Volume:  $2,813,578   #crypto #whale #btc #eth #AVAX $AVAX  https://t.co/gSPRtzBDBt"
2,1649635103000.0,2022-04-10 16:58:23,@DaJenus @multifarmer avax
3,1649635079000.0,2022-04-10 16:57:59,Yâ€™all looking for #crosschain ğŸ‘€  #AVAX $ftm #ftm #DeFi   https://t.co/Mb0Ta0aCTX
4,1649635076000.0,2022-04-10 16:57:56,Donâ€™t miss out ğŸ‰GIVEAWAYğŸ‰  @DarkforestNodes #AVAX
5,1649635051000.0,2022-04-10 16:57:31,4h ğŸŸ© LONG: AVAX/USDT Current price: 81.58  Take Trailing Profit: 87.61064  Stop Loss: 79.05936  Time: 2022-04-10 23:57:31-UTC
6,1649635037000.0,2022-04-10 16:57:17,Had to pick up 2 more   @PassivePandaNC   #1429  #1430   Mint Price - 1.5 #AVAX  https://t.co/f7fy8ilBGG
7,1649635031000.0,2022-04-10 16:57:11,"â†‘ #CRAFT PRICE = 0,646211 Rank = #3,255 #AVAX = 127,81 $CRAFT 1D: +36.02% CHANGING = 10 â–â–ƒâ–…"
8,1649635000000.0,2022-04-10 16:56:40,"[Volume alert ]  #Binance Futures $AVAXUSDT: 38,448.0 $AVAX traded at vwap: 81.83534 in the last 10 seconds which is 12.19 stdevs from mean. Buys: 6,023.0 Sells: 32,425.0"
9,1649634983000.0,2022-04-10 16:56:23,"If youâ€™re into P2E and ready for Yield Huntâ€™s long-anticipated â€œChapter 2â€, thereâ€™s an epic bundle going on TofuNFT:  6 Hunters for just 5 $AVAX ğŸ˜² Thatâ€™s 6 guaranteed mints for less than an $AVAX each! ğŸ  #Yieldhunt #P2E #Play2Earn #nftbundle #Avalanche   https://t.co/VyCL9hcZne"
10,1649634982000.0,2022-04-10 16:56:22,"$Avoge meme season about to hit Avax, next up avoki"
11,1649634976000.0,2022-04-10 16:56:16,#SANTOS #FTM #AVAX
12,1649634941000.0,2022-04-10 16:55:41,DOWN    - AVAX/USDT  Price:82.48000   RSI ALERTS FifteenMinutes   RSI Calculation: 18.00  #BTC #ETCBRL #Bitcoin #RSÄ° #Bollinger -It is not investment advice. You can visit our profile for your own alarms. YTD. 2:55:20 AM
13,1649634932000.0,2022-04-10 16:55:32,"@DeFi_Dorks @Doy1eee @SpearFinance_io Thanks, it was very helpful $avax #avax"
14,1649634930000.0,2022-04-10 16:55:30,"#snibsnib mining report â›ï¸  ğŸ“ˆ Expected returns (reinforcement): with 5.4$ (6.3$ fees)  without 6.1$ (2.7$ fees) ğŸ‘ˆğŸ‘ˆ  For 1ï¸âƒ£ reinforced mine: win  13.07$ lose 0.27$  â›½ gas: 104.0nAVAX ğŸ”º $AVAX: 82.47$ ğŸ’´ $TUS: 0.057$ ğŸ§¿ $CRA: 0.65$  (one prime, 40 %MR, fees incl., ğŸ‘ˆ reco.)"
15,1649634911000.0,2022-04-10 16:55:11,"â†“ #SB PRICE = 213,7 Rank = #7,790 #AVAX = 0,39 $SB 1D: -4.22% CHANGING = -4,82 â–…â–ƒâ–"
16,1649634904000.0,2022-04-10 16:55:04,What a incredible feeling to open you twitter account and find out that the big boss just liked your comment ğŸ”º #AVAX  https://t.co/lP7bPJE0to
17,1649634894000.0,2022-04-10 16:54:54,@CryptoBoy55555 All done! Tagged @Sasikum92835236 @monchykun @LaterDarth #AVAX
18,1649634807000.0,2022-04-10 16:53:27,@Cryptic_Maestro checkout $avoge on avax first meme
19,1649634793000.0,2022-04-10 16:53:13,@Queenverse_org It's a great and excellent project and also a great prize. Thank you for sharing this wonderful opportunity. Best wishes to all team members. Keep going and be successful.  @Sarsboy_ @Revalina3772 @zeto_san  #BSC #AVAX #Queenverse #Metaverse
20,1649634765000.0,2022-04-10 16:52:45,"On this day last year  $LUNA $15.48 $AVAX $31.77 $SOL $26.80 $DOGE $0.0637 $MATIC $0.357 $BNB $471.3 $ADA $1.217  $BTC $59,769 $ETH $2,135"
21,1649634708000.0,2022-04-10 16:51:48,@web3_coin @CoinMarketCap Good  #AVAX #CRYPTONEWS #UTK @ADTTEAM1  @aineavagirls  @Airdrop14189217
22,1649634699000.0,2022-04-10 16:51:39,@EverRise So about this train that runs until 2 PM EDT on Monday!  Where all the #RISERS at?  Let's keep this train going.       #EverRise $RISE #Defi #Cryptocurrency #Staking #StakingRewards #NFT #blockchain #bnb #BNBchain #Ethereum #Avalanche #AVAX #polygon #PolygonNFT #fantom  https://t.co/F1MIdExyk2
23,1649634683000.0,2022-04-10 16:51:23,"@initnash @avaxliege @j0eferrara â€œaVaX iS a COpY of EtHâ€ bro, do you even know what Avalanche consensus is? Bro"
24,1649634675000.0,2022-04-10 16:51:15,@Cryptostacy_ #EverRise $RISE @EverRise #HODL #AVAX #LFG
25,1649634654000.0,2022-04-10 16:50:54,@Anthony4600000 @monty_crypto1 #EverRise $RISE @EverRise #HODL #AVAX #LFG
26,1649634628000.0,2022-04-10 16:50:28,fantasizing about some sort of @GMX_IO model w/ @terra_money that involves $GLP consisting of  50% $UST 20% $LUNA 15% $BTC 10% $AVAX 5% $ASTRO  alas I am not a buidler. @stablekwon pls
27,1649634621000.0,2022-04-10 16:50:21,@j0eferrara I could be wrong but I believe you need Avax validators to run a subnet and mightbe other big costs associated with launching  asubnet
28,1649634613000.0,2022-04-10 16:50:13,@FlocksRobert #EverRise $RISE @EverRise #HODL #AVAX #LFG
29,1649634601000.0,2022-04-10 16:50:01,$ETH: $3.11 - $34.11      $SOL: $0.00057         #SolanaNFTS: $0.91 - $4.22      $AVAX: $0.08      $FTM: $0.0038      $MATIC: $0.02      $BTC: $0.65      $XRP: 0.00000828      $XLM: $0.00000200      $ALGO: $0.0800
30,1649634587000.0,2022-04-10 16:49:47,@ElSantoCrypto @EverRise @RiseArmyLatino #EverRise $RISE @EverRise #HODL #AVAX #LFG
31,1649634564000.0,2022-04-10 16:49:24,@Beyond__Human #EverRise $RISE @EverRise #HODL #AVAX #LFG
32,1649634543000.0,2022-04-10 16:49:03,@Seth_Tech_Guru @RiseArmyLatino #EverRise $RISE @EverRise #HODL #AVAX #LFG
33,1649634518000.0,2022-04-10 16:48:38,@dom47194305 #EverRise $RISE @EverRise #HODL #AVAX #LFG
34,1649634499000.0,2022-04-10 16:48:19,@AdamEShelton #EverRise $RISE @EverRise #HODL #AVAX #LFG
35,1649634486000.0,2022-04-10 16:48:06,"Cheap #Crypto Coins Report!  ğŸ”´ Cheap 15m: $ENS, $AVAX, $RLC, $TLM ğŸŸ¢ Cheap 1H: $BAND, $QTUM, $SRM, $RVN ğŸ”µ Cheap 4H: $VET, $CELR, $OMG, $GMT ğŸŸ¢ Cheap 1D: $ETC, $XRP, $CVC, $ATOM  #BTC #AltSeason  86273074"
36,1649634474000.0,2022-04-10 16:47:54,@0xThorgrin @PodPeopleAVAX @FrogFrens I will ğŸ‘ And I think it is a good decision to lower mint price to 0.5 avax and airdropping extra frens to the minters.
37,1649634468000.0,2022-04-10 16:47:48,@TheBlock__ @LFG_org This is great! $AVAX $LUNA ğŸ¤ŒğŸ’
38,1649634447000.0,2022-04-10 16:47:27,@zombiestiltskin @keepitlunatic @PotluckProtocol @TheDanetron3030 @nekrofux Can we beat the Astrokid Avax mint time?! ğŸ¤£ğŸ’ŠğŸ„ğŸš€
39,1649634411000.0,2022-04-10 16:46:51,"@Bitso SOL, LUNA, AVAX, NEAR"
40,1649634385000.0,2022-04-10 16:46:25,1. $BTC: $42302.77 (-0.98%) 2. $ETH: $3224.62 (-1.07%) 3. $USDT: $1.00 (-0.00%) 4. $BNB: $420.22 (-1.40%) 5. $USDC: $1.00 (0.02%) 6. $SOL: $112.33 (-0.30%) 7. $XRP: $0.76 (-0.57%) 8. $ADA: $1.03 (-0.69%) 9. $LUNA: $93.11 (-3.01%) 10. $AVAX: $82.43 (-2.29%)
41,1649634368000.0,2022-04-10 16:46:08,@AvogeAVAX HOP IN THE $AVOGE WHIP CAUSE WE GOING ğŸ’¯ ALL GAS NO BRAKES BABY TAKING OVER AVAX!!!!!
42,1649634351000.0,2022-04-10 16:45:51,@NonMaximalist ğŸ’¯ Avax my fav
43,1649634329000.0,2022-04-10 16:45:29,@polar_nodes AAAAALLLLL ABBOOOAAARRRDDDD!!!!! the polar express is gonna be huuuuuuuuge!!!!!! #NFT #passiveincome #AVAX
44,1649634310000.0,2022-04-10 16:45:10,Hopper #237 - Common - has sold for 1.0 $AVAX!  https://t.co/NHgopotoTS  https://t.co/T5SOdg1HvC  ğŸ¸  #Avax #GameFi #NFTs  https://t.co/16R637kC5L  https://t.co/ZTkG7hcsdI
45,1649634308000.0,2022-04-10 16:45:08,@RiseArmyLatino @GreatMoonshot @EverRise #EverRise $RISE @EverRise #HODL #AVAX #LFG
46,1649634302000.0,2022-04-10 16:45:02,#Luna $93.33  $Luna #Avax $82.74  $Avax #Sol $112.53  $Sol
47,1649634298000.0,2022-04-10 16:44:58,@GreatMoonshot @EverRise #EverRise $RISE @EverRise #HODL #AVAX #LFG
48,1649634280000.0,2022-04-10 16:44:40,$FEG $ROX $USCT   #FEG is trending in the #USA on @coingecko   #ROX #USCT #SmartDeFi #Grafene #CoinGecko #Bitcoin #ETH #BNB #AVAX #FTM #MATIC #FEGbridge  https://t.co/2BL6LlJCMk
49,1649634265000.0,2022-04-10 16:44:25,@HolderOftheFire Iâ€™m liking Avax and Luna better than ETh now but letâ€™s see what they roll out
50,1649634255000.0,2022-04-10 16:44:15,#AVAX BETWEEN 2 RANGES ğŸ‘€ğŸ‘€ #BTC #bitcoin #crypto #defi #ftx #bnb  https://t.co/IdItrd17GU
51,1649634241000.0,2022-04-10 16:44:01,#NFT #AVAX  Free #NFT from @GorillaNodes  #RT + #like  Link :  https://t.co/1zOXenjYMz  https://t.co/Drf9JZ5Z4g
52,1649634212000.0,2022-04-10 16:43:32,ğŸ®  #NFT-based #RPG @bold_point on #Avalanche is coming for #IDO   ğŸ‘‰ Share awesome $BPT pool ğŸ¤‘  #Defi #AVAX #Avalanche #GameFi   https://t.co/g5p5tNQ3KD
53,1649634203000.0,2022-04-10 16:43:23,#Giveaway   1 $egld and 2 NFTs  âœ…Follow @boganhousenft  âœ…Mint Bogan Skippy  https://t.co/8RizSaxIqg   ğŸWinner is chosen from the holders  âŒ›ï¸48hours  #NFTdrops #NFTProject #NFTartists #NFTcollections #NFTCommmunity $WBTC $CAKE $MIOTA $FTT $AVAX $TFUEL $HT $LEO $RUNE $XTZ  https://t.co/8iAfOLctC6
54,1649634189000.0,2022-04-10 16:43:09,#XRP #BULL #AVAX @monther_ziad08  @wzeyad123 @FolksBlogger  @sii1o1
55,1649634178000.0,2022-04-10 16:42:58,Top 5 Mentions Updated Every 15 Minutes    [BETA STAGE] Except BTC and ETH      1- $AVAX:275540 point ğŸš€    2- $BADGER:199126 point ğŸš€    3- $DCR:193786 point ğŸš€    4- $JUV:193786 point ğŸš€    5- $NANO:193786 point ğŸš€
56,1649634162000.0,2022-04-10 16:42:42,@0xpandania @pandaniaNFT @Twitter #freepandania #Avax #Avalanche #Avalancheavax
57,1649634119000.0,2022-04-10 16:41:59,@SnakeHeadsNFT @SnakeHeadsNFT Definitely got this in the bag ğŸ˜ #Omnichain #LayerZero #ETH #BSC #Polygon #AVAX #Fantom #Arbitrum #FreeMint  https://t.co/YY1SXr3Q1Y
58,1649634112000.0,2022-04-10 16:41:52,"Emotions are a money killer  I prefer data science models, charts, &amp; data  It's why I've been an actuary all my life  $BTC #Bitcoin #crypto #cryptocurrency #altseason #altcoins #metaverse #NFTCommunity #NFTs #web3 $eth $bnb $xrp $ada $sol $luna $avax $doge $ape $shiba $hbar $one  https://t.co/f833LvhU99"
59,1649634068000.0,2022-04-10 16:41:08,ã‚ã¶ãéŠ­å…¥ã£ãŸã‹ã‚‰ã€ä½•è²·ãŠã£ã‹ãªã€‚ $AVAX ã¨ $sKUJI ã•ã‚“ã«ã™ã‚‹ã‹ AVAX ã¯subnet ãŒé‡ç”£ã•ã‚Œã‚‹å‰ã« sKUJI ã¯cross-chain å®Ÿè£…ã™ã‚‹å‰ã«å…¥ã‚Œã¦ãŠããŸã„ã‚ˆã­ã€‚
60,1649634047000.0,2022-04-10 16:40:47,"â†‘ #CRAFT PRICE = 0,587461 Rank = #3,258 #AVAX = 141,64 $CRAFT 1D: +23.65% CHANGING = 23,37 â–â–ƒâ–…"
61,1649634032000.0,2022-04-10 16:40:32,"gn no-oners, what a day! ğŸª  we are almost at 2k travelers here!  tmrw more to come!âœ¨  #omnichain #NFT #layerzero #cc0 #0mnichain #eth #polygon #avax #bsc #ftm #NFTCommunity  https://t.co/bL7nanOGnS"
62,1649634022000.0,2022-04-10 16:40:22,"@BVManchester @scamproofwolf @Kadenaprince Trust me same here lol i regret not holding on to my kda and avaxâ€¦ i bought kda last year at 2$ and sold at 6, it went up to 27$ i bought avax at 14 sold at 18 and it skyrocketed to 170 lol ğŸ’” im learning to hold to the projects I believe are legit."
63,1649634015000.0,2022-04-10 16:40:15,Liferium Ecosystem very soon ğŸ’¥ğŸ’¥  $AVAX #Web3 #Solana #Cryptos  https://t.co/7tAiwUnPic
64,1649634010000.0,2022-04-10 16:40:10,Send $Avoge like $Croge gang. Itâ€™s tiiiiime for avax shenanigans
65,1649634009000.0,2022-04-10 16:40:09,@tinydinosnft Dinos being auctioned extremely CHEAP on avax   https://t.co/ybt9Sucm5t   https://t.co/ufl7imGfwS  The floor is 5 AVAX right now lol 7 hours left!!  #tinydinosnft #nft
66,1649634009000.0,2022-04-10 16:40:09,Binance - BTC Market #AVAX - Unusual selling activity 10.30 BTC in 1 minute (11%) P: 0.00194580 ğŸ”´ (0.69%) 24H Vol: 97.64 BTC
67,1649634002000.0,2022-04-10 16:40:02,For bsc  https://t.co/swsqDdsWyc for AVAX  https://t.co/HIjR8WIF8Y
68,1649634002000.0,2022-04-10 16:40:02,$ETH: $3.42 - $37.51      $SOL: $0.00057         #SolanaNFTS: $0.91 - $4.22      $AVAX: $0.08      $FTM: $0.0042      $MATIC: $0.02      $BTC: $0.65      $XRP: 0.00000828      $XLM: $0.00000200      $ALGO: $0.0800
69,1649633978000.0,2022-04-10 16:39:38,ğŸš¨ Market Move Alert on #AVAXğŸš¨  This signal was detected 60 sec ago ! Stay tuned for more ğŸ”¥  #AVAX $AVAX  https://t.co/WbJ3pDv8j9
70,1649633966000.0,2022-04-10 16:39:26,@NonMaximalist $AVOGE is gonna be the first to make meme history on avax chain
71,1649633918000.0,2022-04-10 16:38:38,"@Father_Crypto @LinkDoodle420 @API3DAO @HeimdallLand @chainlink There are no price feeds from Chainlink on Avax is one of the reasons.   API3 integration on Avalanche was already there, and Airnodes is a good product to use for our purposes.   We're not saying we'd never use $LINK, though. But right now we're using API3 and it suits our needs"
72,1649633904000.0,2022-04-10 16:38:24,"So far nextprotocol project has been very interesting, constantly making improvements day by day. It seems the team is moving towards itâ€™s the goal. $CAESAR #caesarfinance #AVAX #DeFi #defiyield #Yieldfarm #DEX #DeFiProject #HODL"
73,1649633897000.0,2022-04-10 16:38:17,"The project supported by experienced and highly qualified team, which in my opinion is able to bring the project to the highest level in the shortest possible time and I hope they succeed.  $CAESAR #caesarfinance #AVAX #DeFi #defiyield #Yieldfarm #DEX #DeFiProject #HODL"
74,1649633888000.0,2022-04-10 16:38:08,"â†“ #ROCO PRICE = 0,54241 Rank = #3,170 #AVAX = 153,41 $ROCO 1D: +7.28% CHANGING = -5,03 â–…â–ƒâ–"
75,1649633885000.0,2022-04-10 16:38:05,on est entre 12 et 20% de ROE sur $avax en fonction de lâ€™entrÃ©e si vous avez respectÃ© mes entry price ce qui est trÃ¨s bien on rappelle quâ€™il nâ€™y a pas de petits benefs. nâ€™hÃ©sitez pas Ã  cut vos positions et prendre vos benefs ğŸ’š  https://t.co/TNWKtQt6wp
76,1649633884000.0,2022-04-10 16:38:04,"#AVAX - short alert ğŸ’©ğŸ¤¦ğŸ»  Exchange     : BINANCE Market         : $AVAX - $USDT Volume        : $1,017,404 Price            : $82.461  $BTC #BTC $ETH #ETH  https://t.co/JauQWsKYTk"
77,1649633882000.0,2022-04-10 16:38:02,"ğŸš¨[Volume alert ]  #Gate-Io-Futures $AVAX_USDT: 2,267.0 $AVAX traded at vwap: 82.33118 in the last 10 seconds which is 13.92 stdevs from mean. Buys: 800.0 Sells: 1,467.0"
78,1649633880000.0,2022-04-10 16:38:00,"ğŸš¨ğŸš¨ğŸš¨ğŸš¨ğŸš¨ğŸš¨ğŸš¨ğŸš¨ğŸš¨[Volume alert ]  #Binance Futures $AVAXUSDT: 58,624.0 $AVAX traded at vwap: 82.22461 in the last 10 seconds which is 21.38 stdevs from mean. Buys: 24,511.0 Sells: 34,113.0"
79,1649633873000.0,2022-04-10 16:37:53,Sweeping the floor even tho someone doesnâ€™t want me to ğŸ‘€ ğŸ‡©ğŸ‡´@MrWonderland21 @jonnyalgo Check out Cloudheadz no. 1035 on @0xCampfire  https://t.co/1AnQnEWXob #avax #Cloudheadz #dominicansincrypto
80,1649633855000.0,2022-04-10 16:37:35,"$AVAX Crowd-sourced alerts, ranking system, and get paid being a top contributor..........  https://t.co/RXnJ53tz6b"
81,1649633847000.0,2022-04-10 16:37:27,@rainascrdl @0xHerrCooles @avax @XariCazari @NFTrixyVixy @DraydenJaime
82,1649633827000.0,2022-04-10 16:37:07,so excited @NebulaNodes the transition to v2 went so smooth and now we can stake our $NEBU too. Look how hard this team has been working on new use cases. Iâ€™m bullish on this one. $AVAX #NodeArmy #Crypto #passiveincome #NodeLife #Nodes #AVAX
83,1649633825000.0,2022-04-10 16:37:05,Do you think the #Avalanche #Bitcoin bridge is a big deal? Do you think ğŸ§ it will bring new participants &amp; liquidity into the #avax ecosystem
84,1649633823000.0,2022-04-10 16:37:03,@tramutox I'm also holding bags of $AVAX and $SOL
85,1649633810000.0,2022-04-10 16:36:50,"@NonMaximalist Bring the fucking memes to Avax , finalllllllly â€¦..rise my shitcoins  https://t.co/D4hyMzhGUL"
86,1649633800000.0,2022-04-10 16:36:40,For our early Numbers ğŸ”¢ 300 Free Mints to be given Just Engage ğŸ§µ  -RT &amp; FOLLOW &amp; LIKE  -Drop your favourite number ğŸ«¶  #OmniChain #LayerZero #ETH #BSC #Polygon #AVAX #Fantom #Arbitrum #FreeMint #Layer0  https://t.co/pfMit4a1ZE
87,1649633735000.0,2022-04-10 16:35:35,"â†‘ #OIN PRICE = 0,152123 Rank = #943 #AVAX = 546,99 $OIN 1D: +15.09% CHANGING = 11,27 â–â–ƒâ–…"
88,1649633731000.0,2022-04-10 16:35:31,"ğŸ“ˆ BTC, ETH, BNB, SOL, XRP, ADA, LUNA, AVAX, DOT, DOGE - News ğŸ“‰  By @CraftyFin   https://t.co/aR2ePu5ZCz  #forex #StockMarket #investing  #crypto #trading #news #stocks  https://t.co/dAq0SsnaGr"
89,1649633715000.0,2022-04-10 16:35:15,"@Crypto__Diva I can't wait to put my skills to the test in #IDO @bold_point. All of the top P2E games are already there, so I'm hoping it will be on #AVAX"
90,1649633710000.0,2022-04-10 16:35:10,bought more $avax
91,1649633696000.0,2022-04-10 16:34:56,"â†“ #ALEPH PRICE = 0,22887 Rank = #441 #AVAX = 363,57 $ALEPH 1D: +15.58% CHANGING = -7,39 â–…â–ƒâ–"
92,1649633627000.0,2022-04-10 16:33:47,@EffortCapital I like $Near but clearly it's second to $avax in terms of tech and decentralization.
93,1649633620000.0,2022-04-10 16:33:40,@genie_trades @AvaxFrogsFPC Joined in tge DC server ğŸ’¥  DC - nihalsaleem#9049  @Nahalsaleem @theangelichaze  #AVAX #NFTs ğŸ”¥
94,1649633614000.0,2022-04-10 16:33:34,@dagg3rhigh Bruh mine is all $LINK and $AVAX shit
95,1649633608000.0,2022-04-10 16:33:28,"Invested serious money in July 2021, when the market was down. Invested in Eth, Luna, AVAX, Atom, Dot, Ftx, Solana, Grt. Did some nice money. Sold only partially before the september nuke. I wanted to sell all but didnt listen to myslef. Then my instinct told me to long the dip."
96,1649633579000.0,2022-04-10 16:32:59,@EnesAKARSU Avax bakarmÄ±sÄ±nÄ±z hocam
97,1649633542000.0,2022-04-10 16:32:22,@Cephii1 @Thorchain will add first $avax to it's EVM supported chain.  Time to load up!
98,1649633505000.0,2022-04-10 16:31:45,GM and congratulations to @Ahmet4h We will be DMing you shortly!  Want to try our pre-alpha game demo? Register today:  https://t.co/hXrt21FIx7  #ImperiumEmpires #Avalanche #Avax
99,1649633504000.0,2022-04-10 16:31:44,Weekly crypto market recap...  The headlines ğŸ“° ğŸ‘‘ SEC approves fourth #Bitcoin Futures ETF ğŸ¤ Terra adds $100 million $AVAX to their reserves  Biggest movers ğŸš€ â¬†ï¸ $MINA 15% â¬†ï¸ $DOGE 8.2% â¬†ï¸ $NEAR  8%  https://t.co/6ccupOKoSc
100,1649633482000.0,2022-04-10 16:31:22,@Minioncommunit It's a very wonderful project !!!! I feel avant-garde and sharpened sensibility!!!! I'm so happy if you give me this one i'm very very thankyou @shaalik_ @adamjou0611 @Gunsenjaya34  #tomb #Avax #tombforks #btc
101,1649633471000.0,2022-04-10 16:31:11,@CryptoGemsCom @bold_Point is coming shortly and perhaps on AVAX because of a collaboration between AvalaunchApp and @yay_ceo. I'm quite optimistic on #gamefi that is why I'm betting hard on @bold_point #tothemoon
102,1649633433000.0,2022-04-10 16:30:33,@VoyagerCool I have avax
103,1649633402000.0,2022-04-10 16:30:02,#Luna $93.59  $Luna #Avax $82.79  $Avax #Sol $112.42  $Sol
104,1649633401000.0,2022-04-10 16:30:01,$ETH: $4.73 - $51.83      $SOL: $0.00057         #SolanaNFTS: $0.91 - $4.22      $AVAX: $0.08      $FTM: $0.0041      $MATIC: $0.02      $BTC: $0.65      $XRP: 0.00000828      $XLM: $0.00000200      $ALGO: $0.0800
105,1649633395000.0,2022-04-10 16:29:55,"@avax_art @PicsBurger @metamorph_nft @metamorphed_art @Alteregopunks_ @AvaxGifts @avalancheavax @AvaxNFTs Sup, Nice project, do you also got a marketing deal from #digitalfever_io team? Just need to know your opinion about them before i hire them. Thanks"
106,1649633353000.0,2022-04-10 16:29:13,"@RoofHanzo BIDDING ETH, NEAR, AVAX AND SOL IN MAY AND THEN GET THE FUCK AWAY"
107,1649633349000.0,2022-04-10 16:29:09,I've been saying exactly this to anyone who advocates for Avax. Smart contract TPS doesn't matter if you have to run several p-chain and x-chain transactions just to stage your assets for c-chain and lose the often-inflated benefits of Avax consensus
108,1649633341000.0,2022-04-10 16:29:01,@RMoonOfficial @coinbase #AVAX
109,1649633323000.0,2022-04-10 16:28:43,@rainascrdl @0xHerrCooles @avax @NftsScott @CryptoStorm__ @Slayacillin
110,1649633296000.0,2022-04-10 16:28:16,Now imagine contemporary art pieces integrated into a play to earn ecosystem ğŸ¤¯ #Soon   #KOTO on #AVAX
111,1649633279000.0,2022-04-10 16:27:59,ğŸœ Ant #4033 (uncommon) - Colony Stage: 10 - Sold for 0.35 AVAX. ğŸœ    https://t.co/H2lckQix99  https://t.co/yaANVuyxCT  https://t.co/ggIY6rHBZH
112,1649633272000.0,2022-04-10 16:27:52,ğŸ“¢ Hurry up soldiersğŸ’ª +100 free mints if we get 250 RTs in 45 minutes  from @SnakeHeadsNFT  #OmniChain #LayerZero #ETH #BSC #Polygon #AVAX #Fantom #Arbitrum #FreeMint #Layer0
113,1649633236000.0,2022-04-10 16:27:16,@rainascrdl @0xHerrCooles @avax @JDogNfts @Xcampos1990 @fh0798
114,1649633218000.0,2022-04-10 16:26:58,@polar_nodes 0.34 Avax to migrate 5 nodes. Is this a joke??
115,1649633163000.0,2022-04-10 16:26:03,@WRContest @AvaxShop #AVAX   @LloydMalagsic  @MicoSilot  @jibboy122   manifesting to winğŸš€ğŸš€ manifesting to winğŸš€ğŸš€ manifesting to winğŸš€ğŸš€ manifesting to winğŸš€ğŸš€ manifesting to winğŸš€ğŸš€ manifesting to winğŸš€ğŸš€  https://t.co/swHcGPhk2r
116,1649633162000.0,2022-04-10 16:26:02,ğŸœ Ant #4028 (common) - Colony Stage: 10 - Sold for 0.35 AVAX. ğŸœ    https://t.co/DrrN69iXm8  https://t.co/yaANVuyxCT  https://t.co/dFQGx9WrQ1
117,1649633143000.0,2022-04-10 16:25:43,Have fun staying poor  $ETH $AVAX $WAN $LINK $UNI  https://t.co/DQkDtH8luO
118,1649633131000.0,2022-04-10 16:25:31,"Rooting for $Avoge to pull it off. Cuz I been waiting a hot minute for meme season to come to $Avax.   I would imagine Avoki, and Avotama are on the way."
119,1649633121000.0,2022-04-10 16:25:21,"BTC: $42,310.05(-$226.96, -0.53%) ETH: $3,227.10(-$26.67, -0.82%) USDT: $1 BNB: $421.37(-$1.85, -0.44%) USDC: $1 SOL: $112.27(-$0.17, -0.15%) XRP: $0.76($0.00, -0.13%) ADA: $1.04(-$0.01, -0.81%) LUNA: $93.58(-$0.04, -0.04%) AVAX: $82.88(-$0.52, -0.62%)"
120,1649633107000.0,2022-04-10 16:25:07,"@addicted2krypto @polar_nodes What do you mean ""Migration is also being reimbursed by team""? Migration cost is +- 0.12 avax, does it mean i'll receive +- 3 Polar after i did it? I'm actually waiting for lower fees to do it, but if i got it back i'll do it right now"
121,1649633071000.0,2022-04-10 16:24:31,ğŸœ Ant #4024 (uncommon) - Colony Stage: 11 - Sold for 0.35 AVAX. ğŸœ    https://t.co/138llSEhyW  https://t.co/yaANVuyxCT  https://t.co/7jEf01jsoq
122,1649633069000.0,2022-04-10 16:24:29,"â†“ #HON PRICE = 0,064548 Rank = #4,354 #AVAX = 1286,48 $HON 1D: -3.73% CHANGING = -5,07 â–…â–ƒâ–"
123,1649633031000.0,2022-04-10 16:23:51,.@chikn_nft  is the biggest in #avax. Just check out their medium  https://t.co/BClvRPz2RH.   #Roostr launches Apr 14.  If you are interested in crypto then check out what they got going.   See discord for more:  https://t.co/dMfHmvvWAx  https://t.co/HEGYGkMUoj
124,1649633018000.0,2022-04-10 16:23:38,@rainascrdl @cainconici111 @avax @kankalar00   @sananlar   @kankalar  done wish me luck ğŸ€
125,1649632994000.0,2022-04-10 16:23:14,@apa_nft Turn Your AVAX into APAs - APA Winfrey
126,1649632970000.0,2022-04-10 16:22:50,Congratz å¾®ä¿¡è´¦å·apitrade on short positionğŸ‘  âœ…Symbol : $AVAX âœ…ROE : %111.76 âœ…Entry : 87.3844 âœ…Exit : 82.76  Follow top ROI people realtime. Link on profile and pinned tweet $1INCH $ENJ $BAKE $EOS $UNI $REN $KNC $BAL $CELO $TLM $ZRX
127,1649632966000.0,2022-04-10 16:22:46,#NFTå¦‚ä½•åˆ›ä¸š1.ç»™å¤§å®¶åˆ†äº«ä¸ªNFTåˆ›ä¸šå¹³å°ï¼Œä¸€é”®å‘NFTï¼Œæ— éœ€æ‡‚codeï¼Œå±æ€§è‡ªç”±åˆæˆï¼Œä¸€é”®ç”Ÿæˆminté¡µé¢ï¼Œè‡ªåŠ¨åŒ–ç”Ÿæˆåˆçº¦2.å¹³æ—¶å¤§å®¶çœ‹åˆ°çš„å¾ˆå¤šç¼åˆæ€ªä»¿ç›˜ï¼Œè¿™é‡Œéƒ½èƒ½æ‰¾åˆ°3.æˆæœ¬æœ€ä½199uï¼Œæ”¯æŒ $ETH  $SOL $AVAX $Mâ€¦
128,1649632963000.0,2022-04-10 16:22:43,@rainascrdl @0xHerrCooles @avax @JoshHankez  @juristen34  @gmzligmz34
129,1649632956000.0,2022-04-10 16:22:36,@genie_trades No some avaxâ€¦but thatâ€™s cool! ğŸ‘
130,1649632939000.0,2022-04-10 16:22:19,@0xminersfren Almost like swapping Avax to TUS. :D
131,1649632937000.0,2022-04-10 16:22:17,"â†‘ #MAN PRICE = 0,023821 Rank = #887 #AVAX = 3486 $MAN 1D: +2.55% CHANGING = 5,14 â–â–ƒâ–…"
132,1649632931000.0,2022-04-10 16:22:11,"â†“ #WISE PRICE = 0,334823 Rank = #431 #AVAX = 248,01 $WISE 1D: -9.46% CHANGING = -6,46 â–…â–ƒâ–"
133,1649632930000.0,2022-04-10 16:22:10,$BTC: 42291.937 (-0.53%) $ETH: 3225.855 (-0.56%) $BNB: 420.786 (-0.58%) $SOL: 111.911 (0.89%) $XRP: 0.758 (-0.24%) $ADA: 1.038 (0.32%) $LUNA: 93.63 (-1.47%) $AVAX: 82.862 (-0.87%) $DOGE: 0.151 (5.1%) $DOT: 19.606 (0.15%)
134,1649632929000.0,2022-04-10 16:22:09,#EverRise $RISE  $0.001057 Î” +3.1% ğŸŸ¢ $75.7M Market Cap +3.1% 51083 Hodlrs +0.1%  $0.001036 (#Eth) Î” +3.1% ğŸŸ¢ $0.001132 (#BNB) Î” +2.2% ğŸŸ¢ $0.001038 (#Polygon) Î” +3.5% ğŸŸ¢ $0.001040 (#Ftm) Î” +4.7% ğŸŸ¢ $0.001029 (#Avax) Î” +2.6% ğŸŸ¢  ğŸ” $43.4M Staked TVL  $7.7M LP $2.0M Buyback  https://t.co/9lWOoXOiyQ
135,1649632921000.0,2022-04-10 16:22:01,"- $AVAX #AVAX   watching possible hs playing out, lose here and possible short opp to lower 70's lets see...  https://t.co/eLfMQok7TQ"
136,1649632911000.0,2022-04-10 16:21:51,"â†‘ #HCT PRICE = 0,013035 Rank = #2,174 #AVAX = 6370,54 $HCT 1D: -14.62% CHANGING = 5,11 â–â–ƒâ–…"
137,1649632888000.0,2022-04-10 16:21:28,"â†“ #KLO PRICE = 0,111948 Rank = #3,104 #AVAX = 741,77 $KLO 1D: -5.88% CHANGING = -7,93 â–…â–ƒâ–"
138,1649632865000.0,2022-04-10 16:21:05,@198Aion We are awaiting the announcement. The manual migration was open but it was closed to fix some bugs. I was waiting a bit since AVAX gas was high from everyone migrating.
139,1649632862000.0,2022-04-10 16:21:02,41.850 K desteÄŸimiz Ã§alÄ±ÅŸtÄ±. âœ…  #bnb #avax #btc #binance
140,1649632858000.0,2022-04-10 16:20:58,"@CryptoMichNL AVAX, DOT, LINK"
141,1649632854000.0,2022-04-10 16:20:54,@CryptoMichNL $luna !!!!!! $avax
142,1649632805000.0,2022-04-10 16:20:05,"@RhinoFinance_ (1192 Followers)  ""ICHI fork on Avax"""
143,1649632802000.0,2022-04-10 16:20:02,$ETH: $3.37 - $36.91      $SOL: $0.00056         #SolanaNFTS: $0.90 - $4.14      $AVAX: $0.08      $FTM: $0.0042      $MATIC: $0.02      $BTC: $0.65      $XRP: 0.00000828      $XLM: $0.00000200      $ALGO: $0.0800
144,1649632757000.0,2022-04-10 16:19:17,New Miner on Avalanche  COOKED RICE ğŸš  The most scrumtious contract on Avalanche  LINK TO THE SITE:  https://t.co/ZvjrEZXdxjâ€¦  3900 AVAX TVL Daily Return Up to 8%  APR up to 2920% Earn 12% on Referrals  *Dev fee 3%  [TELEGRAM]  https://t.co/9axfjr76qB
145,1649632730000.0,2022-04-10 16:18:50,"@SnakeHeadsNFT ğŸ‘€ @SnakeHeadsNFT looks gorgeous, guess I'll chill back abit ğŸ˜.  #Omnichain #LayerZero #ETH #BSC #Polygon #AVAX #Fantom #Arbitrum #FreeMint  https://t.co/fs0C86FeWo"
146,1649632728000.0,2022-04-10 16:18:48,$avax gÃ¼Ã§lÃ¼ bi destegin Ã¼zerinde 81 altÄ± stoplu degerlendirilebilir  https://t.co/7yDnSh5tMP
147,1649632715000.0,2022-04-10 16:18:35,"â†‘ #ALEPH PRICE = 0,247133 Rank = #431 #AVAX = 336,01 $ALEPH 1D: +24.80% CHANGING = 7,38 â–â–ƒâ–…"
148,1649632710000.0,2022-04-10 16:18:30,Project X: Passive Income with Crypto Nodes  Read the cryptocravers review of the project at r/cryptocraversLLC or on our Facebook  Follow @cryptocravers  #projectx #cryptocravers #crypto #cryptocurrency #cryptonews #ico #investing #defi #altcoin #altcoin #nodes #AVAX  https://t.co/OLk0rtb5Pi
149,1649632665000.0,2022-04-10 16:17:45,DAPP Activity (users) for some of the top Layer-1s for February 2022.   MVPS:  - PancakeSwap (BSC)  - OpenSea (ETH)  - Upland (EOS)  - Crazy Defense (MATIC)  - SpookySwap (FTM)  - MagicEden (SOL)   - TraderJoe (AVAX)  https://t.co/xXfLodkN7S
150,1649632650000.0,2022-04-10 16:17:30,Big fan of miners?   COOKED RICE ğŸš  The most scrumtious contract on Avalanche  LINK TO THE SITE:  https://t.co/tOSz5fjePW  3900 AVAX TVL Daily Return Up to 8%  APR up to 2920% Earn 12% on Referrals  *Dev fee 3%  [TELEGRAM]  https://t.co/wZiSrTSpkY [TWITTER]  https://t.co/4duX8toUP1
151,1649632643000.0,2022-04-10 16:17:23,Hopper #6793 - Rare - has sold for 3.99 $AVAX!  https://t.co/NHgopotoTS  https://t.co/T5SOdg1HvC  ğŸ¸  #Avax #GameFi #NFTs  https://t.co/16R637kC5L  https://t.co/dQR8cD0jjd
152,1649632617000.0,2022-04-10 16:16:57,pour moi $avax va remonter aux 85$ pcq je pense que le #btc va bounce et emmener une bonne partie des alts avec lui
153,1649632607000.0,2022-04-10 16:16:47,BU OYUN APTALLARA VE KORKAKLARA GÃ–RE DEÄÄ°LDÄ°R:):) ÃœZGÃœNÃœM BEYLER HANFENDÄ°LER... #bitcoin #AVAX #Solana #metaverse #Ethereum #shiba #dogecoin #sand #mana #mina #raca #SONDAKÄ°KA
154,1649632571000.0,2022-04-10 16:16:11,@Neo_avax Im not a consistent fan Of sweet and salty popcorn. Its a hit or miss
155,1649632549000.0,2022-04-10 16:15:49,ğŸœ Ant #4181 (rare) - Colony Stage: 12 - Sold for 0.42 AVAX. ğŸœ    https://t.co/75bc4ye6UA  https://t.co/yaANVuyxCT  https://t.co/arlDgXS2AF
156,1649632508000.0,2022-04-10 16:15:08,@utsavusheth @tlagomi Off topic but on topic where is best place to provide luna/avax LP these days?
157,1649632502000.0,2022-04-10 16:15:02,#Luna $93.21  $Luna #Avax $82.6  $Avax #Sol $111.46  $Sol
158,1649632478000.0,2022-04-10 16:14:38,"@NickyTrades @polar_nodes Waiting on VPND and PXT, AVAX needs it."
159,1649632467000.0,2022-04-10 16:14:27,@Safemoon808 @MandalaEx @binance @safemoon Not gonna happen. Pls switch to something promising like AVAX LUNA SOL.
160,1649632446000.0,2022-04-10 16:14:06,#EverRise $RISE #LetUsIn #EverRiseV3 #EverRiseEDU #DeFi #Crypto #Cryptocurrency #AVAX #NFTCommunity #NFTArt #Altcoin #EverRiseNFTStakingLab #Altseason2022 #BNB  https://t.co/tM2NlK09dK
161,1649632304000.0,2022-04-10 16:11:44,Bought $AVAX for 82$
162,1649632300000.0,2022-04-10 16:11:40,Have a look at  https://t.co/uXxyiz0bWD launching soon on the Avalanche Network! #ULTRA  https://t.co/xsJtcuVP51 #ultra #ultranodes #avax #nodelife #nodearmy
163,1649632291000.0,2022-04-10 16:11:31,@C_Investor_D $RISE  (EverRISE) ãƒãƒ¼ãƒ ãŒå„ªç§€ dapps ãƒ–ãƒªãƒƒã‚¸ (BSC ETH AVAX MATIC PTM) ã‚¹ãƒ†ãƒ¼ã‚­ãƒ³ã‚° è‡ªå‹•ãƒã‚¤ãƒãƒƒã‚¯  $OMAX (token Eã‚³ãƒãƒ¼ã‚¹ ç¾åœ¨ãƒ†ã‚¹ãƒˆãƒãƒƒãƒˆç¨¼åƒã¾ã§é †èª¿ å¹´å†…ã€ãƒ¡ã‚¤ãƒ³ãƒãƒƒãƒˆ ãƒ–ãƒ©ã‚¦ã‚¶ç­‰ã‚‚å•é¡Œãªã•ãã† ãƒ¡ã‚¤ãƒ³ãƒãƒƒãƒˆç¨¼åƒã§coinã¸ç§»è¡Œï¼Ÿ ãƒãƒ¼ãƒ ã¯å„ªç§€ãã†ã€‚ (ç¾åœ¨é–‹ç™ºæ³¨åŠ›ã§ã€ãƒãƒ¼ã‚±ãƒ†ã‚£ãƒ³ã‚°è–„
164,1649632256000.0,2022-04-10 16:10:56,"So I posted this thread yesteray and the TVL was at about $900,000 in $AVAX...today I'm excited to report it's up to $1,144,593...as long as there is money in the contract this thing will print.  If you jump in...use my link!  https://t.co/Wdtngi8ZWb #BakedBeans on #Avalanche"
165,1649632249000.0,2022-04-10 16:10:49,"85,5 TEN SATTIÄIM AVAX'I BÄ°R DAHA ALDIM. BU FÄ°YAT Ä°NANILMAZZZZ! YTD #bitcoin #AVAX #Solana #metaverse #Ethereum #shiba #dogecoin #sand #mana #mina #raca #SONDAKÄ°KA"
166,1649632249000.0,2022-04-10 16:10:49,"For our early Snakes ğŸ 250 Free Mints to be given Just Engage ğŸ§µ RT , FOLLOW and LIKE #OmniChain #LayerZero #ETH #BSC #Polygon #AVAX #Fantom #Arbitrum #FreeMint #Layer0  https://t.co/1iYgGVDEWE"
167,1649632241000.0,2022-04-10 16:10:41,@CryptoBoy55555 @Dhaneil_  @bubblenftx1  @Said_A79  $avax
168,1649632225000.0,2022-04-10 16:10:25,@PlayCryptoFr Celui lÃ  on le gagne @DylanRavard @KenzaEbl #Giveaways #NFTGiveaway #Avax
169,1649632222000.0,2022-04-10 16:10:22,@crypto_coochie @PirateNodes @Dust__Mop @cryptoWFSU  More Avax more mints
170,1649632210000.0,2022-04-10 16:10:10,@mnodefinance @nihalsaleem_ me meâ¤ï¸â¤ï¸â¤ï¸  @KuskayaPamira @GulnisaAkal @DidarTutak  #NodeArmy #GIVEAWAY #NodeLife #NFT #passiveincome #AVAX
171,1649632202000.0,2022-04-10 16:10:02,$ETH: $3.45 - $37.80      $SOL: $0.00056         #SolanaNFTS: $0.90 - $4.14      $AVAX: $0.08      $FTM: $0.0047      $MATIC: $0.02      $BTC: $0.65      $XRP: 0.00000828      $XLM: $0.00000200      $ALGO: $0.0800
172,1649632201000.0,2022-04-10 16:10:01,@Avax_News @polar_nodes Lets join together guys ğŸ‰ @rama99534859 @Dinesi5
173,1649632180000.0,2022-04-10 16:09:40,@Nebraskangooner Thoughts on avax please ğŸ™? Safe to short ?
174,1649632115000.0,2022-04-10 16:08:35,Doesn't look like there is loads of support at the 50DMA.... #btc #bitcoin #ETH #ethereum #cryptocurrency #crypto #cryptotrading #trading #AVAX  https://t.co/BVjPOnQZ9v
175,1649632092000.0,2022-04-10 16:08:12,"Price analysis 4/8: BTC, ETH, BNB, SOL, XRP, ADA, LUNA, AVAX, DOT, DOGE - Cointelegraph  https://t.co/sEccJ3Nouu via @GoogleNews"
176,1649632079000.0,2022-04-10 16:07:59,"#AVAX - short alert ğŸ’©ğŸ¤¦ğŸ»  Exchange     : FTX Market         : $AVAX - $PERP Volume        : $599,727 Price            : $82.233  $BTC #BTC $ETH #ETH  https://t.co/9hau6hXDq2"
177,1649632063000.0,2022-04-10 16:07:43,@genie_trades Cosmos and Avax for me... Ftm comes 3th imo
178,1649632036000.0,2022-04-10 16:07:16,Check out Cloudheadz no. 1342 on @0xCampfire  https://t.co/og3y7nNtBO #avax #Cloudheadz
179,1649632027000.0,2022-04-10 16:07:07,#EverRise $RISE #LetUsIn #EverRiseV3 #EverRiseEDU #DeFi #Crypto #Cryptocurrency #Altseason2022 #EverRiseInu #ETH #BTC #MultiChain #AVAX #Avalanche  https://t.co/ZwHtIWyfdk
180,1649632016000.0,2022-04-10 16:06:56,#EverRise $RISE  $0.001052 Î” +2.7% ğŸŸ¢ $75.3M Market Cap +2.7% 51082 Hodlrs +0.1%  $0.001036 (#Eth) Î” +3.1% ğŸŸ¢ $0.001123 (#BNB) Î” +1.3% ğŸŸ¢ $0.001036 (#Polygon) Î” +3.3% ğŸŸ¢ $0.001033 (#Ftm) Î” +3.9% ğŸŸ¢ $0.001024 (#Avax) Î” +2.1% ğŸŸ¢  ğŸ” $43.2M Staked TVL  $7.6M LP $2.0M Buyback  https://t.co/slHkBodjYa
181,1649632015000.0,2022-04-10 16:06:55,"@panosmek XRP, XLM, EGLD, ALGO, AVAX"
182,1649632002000.0,2022-04-10 16:06:42,"Swing ğŸš¥  $BTC ğŸŸ¡ $42,005.45 $ETH ğŸŸ¡ $3,214.18 $BNB ğŸŸ¡ $418.60 $USDC ğŸŸ¡ $1.00 $XRP ğŸŸ¡ $0.75 $SOL ğŸŸ¡ $110.73 $ADA ğŸŸ¡ $1.03 $LUNA ğŸŸ¡ $92.68 $AVAX ğŸŸ¡ $82.30 $DOGE ğŸŸ¢ $0.15   https://t.co/xzqH6LyCnS"
183,1649631991000.0,2022-04-10 16:06:31,APA #9687 - Common - has sold for 2.8 AVAX!  https://t.co/ErsH22U3LY ğŸš€ @apa_nft #Avalanche  https://t.co/DUwwHSgSY8  https://t.co/k0Xqd5ZviC
184,1649631988000.0,2022-04-10 16:06:28,"#Avalanche Stats  #AVAX Price $ 82.56 CMC Rank: #10 Circulating supply: 268,298,113 AVAX Total supply: 395,891,289  Help sponsor us! ğŸ”º X-avax1n7j2g4arl76l8p0tefdu0w36kcue4v5fr44yfg    https://t.co/2B6xC8JhTR"
185,1649631979000.0,2022-04-10 16:06:19,@Bitso PodrÃ¡ ser Solana o Avax !! Para cuando #Polkadot y sus top 5 del ecosistema ?
186,1649631966000.0,2022-04-10 16:06:06,"Runescape: but grand exchange is a dex, items are nfts, account is a wallet,  Faladore garden 2007 but its nft market place #runescape #NFTs #Solana #AVAX"
187,1649631908000.0,2022-04-10 16:05:08,The future of Meme tokens Is finally here... Earn large with $PULI ğŸ”¥ #PULI #PULITOKEN #PULINFT #PULIFAM  @Puli_Token   ğŸ’ Link:  https://t.co/CPb4Yiu5sZ  #RBXSamurai #RBXS #100xgem #BSCGem #Polygon #AVAX #blockchain  https://t.co/lYQ8aVow7t
188,1649631898000.0,2022-04-10 16:04:58,@DeadCatBounce_0 #OmniChain #LayerZero #ETH #BSC #Polygon #AVAX #Fantom #Arbitrum #FreeMint #Layer0  https://t.co/D9F87vXGb5
189,1649631806000.0,2022-04-10 16:03:26,"#snibsnib mining report â›ï¸  ğŸ“ˆ Expected returns (reinforcement): with 1.5$ (9.8$ fees)  without 4.3$ (4.2$ fees) ğŸ‘ˆğŸ‘ˆ  For 1ï¸âƒ£ reinforced mine: win  8.99$ lose -3.39$  â›½ gas: 160.0nAVAX ğŸ”º $AVAX: 82.87$ ğŸ’´ $TUS: 0.055$ ğŸ§¿ $CRA: 0.65$  (one prime, 40 %MR, fees incl., ğŸ‘ˆ reco.)"
190,1649631798000.0,2022-04-10 16:03:18,#AVAX Btc dÃ¶nÃ¼ÅŸ sinyali verirse avax hizlÄ± toparlar desteÄŸi kirarsa fena olur  https://t.co/FMVOXmJWU9
191,1649631797000.0,2022-04-10 16:03:17,@PlayCryptoFr GL guys @Joelpeixoto_ @Augustopickaw @Jean_Belinski #AVAX #GIVEAWAYS #GIVEAWAY #NFTGIVEAWAY
192,1649631747000.0,2022-04-10 16:02:27,@Red_Devotee #LaFamilia #Cloudheadz #Avax
193,1649631736000.0,2022-04-10 16:02:16,@0xRafael_ Je tente ma chance ! J'espÃ¨re que je vais gagner ! : @sweeeeehhh @pmcouteaux #avax
194,1649631733000.0,2022-04-10 16:02:13,@market_spotter $XRP $ETH $AVAX $KASTA and $INR
195,1649631730000.0,2022-04-10 16:02:10,"Told you guys, didn't I? Today its #FOMC, #Bitcoin might drop hard. But who knows. Check the post below. Enjoy whoever listened.  $sol $ada $luna $dot $avax $link $vet $ftt $hbar $ftm $egld $hnt #bnb #AVAX #cro $kono $vra $ftx #LUNA #Metaverse $blok #ethereum #Avalanche #matic  https://t.co/hAMxSrwGNM"
196,1649631715000.0,2022-04-10 16:01:55,#EverRise $RISE  $0.001055 Î” +3.0% ğŸŸ¢ $75.6M Market Cap +3.0% 51081 Hodlrs +0.1%  $0.001038 (#Eth) Î” +3.3% ğŸŸ¢ $0.001126 (#BNB) Î” +1.6% ğŸŸ¢ $0.001040 (#Polygon) Î” +3.6% ğŸŸ¢ $0.001036 (#Ftm) Î” +4.2% ğŸŸ¢ $0.001029 (#Avax) Î” +2.5% ğŸŸ¢  ğŸ” $43.3M Staked TVL  $7.7M LP $2.0M Buyback  https://t.co/cfVeS5CI8c
197,1649631666000.0,2022-04-10 16:01:06,ğŸ‘¾ We are hosting a 50$ $BNB and 5 #NFT #Giveaway for our upcoming #play2earn  on the #Binance Smart Chain ğŸ’²To Join:  ğŸ‘¾ Follow us  @HackerLandGame   ğŸ‘¾ Like and RT  ğŸ’³Bonus (10$ of $BNB) : Tag 2 friends  Good luck everyone!ğŸ’° #degen #risktoearn #p2egame #bscgame #avax  #sol  https://t.co/RwJq9QaFlB
198,1649631648000.0,2022-04-10 16:00:48,"Avalanche - AVAX Price: $82.95 Change in 1h: -1.20675318% Market cap: $22,256,666,055.90 Ranking: 10 #Avalanche #AVAX"
199,1649631626000.0,2022-04-10 16:00:26,Top 10 cryptocurrencies price update last 1hr    Buy #crypto at  https://t.co/1bZAJPIvJf   $BTC $ETH $USDT $BNB $USDC $SOL $XRP $ADA $LUNA $AVAX  https://t.co/XzwbEa2m8v
200,1649631616000.0,2022-04-10 16:00:16,â° 02:00   ğŸ¥‡ #AVAX = 82.91 $  #avaxusd #avaxusdt #btc
201,1649631614000.0,2022-04-10 16:00:14,$BTC 42080 ; -1.06% $ETH 3220.0 ; -0.80% $BNB 419.7 ; -0.96% $SOL 111.3 ; +0.36% $ADA 1.034 ; -0.38% $XRP 0.755 ; -0.57% $LUNA 93.01 ; -2.18% $DOT 19.52 ; -0.40% $DOGE 0.15 ; +4.87% $MATIC 1.439 ; -1.10% $SHIB 0.000024 ; +0.45% $AVAX 82.74 ; -1.00% $SAND 2.907 ; -2.35%
202,1649631603000.0,2022-04-10 16:00:03,æ¥ã¾ã—ãŸğŸ˜Š ã©ã†ãªã‚‹ã‹ï¼ï¼Ÿï¼ï¼Ÿ #AVAX #AVAXNFT #GameFi
203,1649631602000.0,2022-04-10 16:00:02,#Luna $93.21  $Luna #Avax $82.93  $Avax #Sol $111.28  $Sol
204,1649631602000.0,2022-04-10 16:00:02,$ETH: $2.87 - $31.39      $SOL: $0.00056         #SolanaNFTS: $0.90 - $4.14      $AVAX: $0.08      $FTM: $0.0045      $MATIC: $0.02      $BTC: $0.65      $XRP: 0.00000828      $XLM: $0.00000200      $ALGO: $0.0800
205,1649631565000.0,2022-04-10 15:59:25,@seb_rtm Good Luck guys @AideFogaca @Jean_Belinski @RuaanZera #AVAX #GIVEAWAY #BITCOIN #CONCOURS
206,1649631521000.0,2022-04-10 15:58:41,YalnÄ±z ÅŸu â€œbak ne oldu demiÅŸtim dÃ¼ÅŸecek diye gÃ¶rdÃ¼nÃ¼z mÃ¼?â€ Vs. diyenlerin tavÄ±rlarÄ± beni delirtiyor ğŸ™„ tamam en kahin sensin aq sakin ol ğŸ¤™ğŸ» #btc #waves #avax #Solana #Ethereum
207,1649631517000.0,2022-04-10 15:58:37,@alatl_burce @jemeya1990 @takeaseatinmyd1 @Kimchiireohke04 @TobyArt @hardhitt3r @BagofBagz @bdarkblueb @CarRadio123 @pumpkinspicentf @nerasab @avax_collector @0xlokey_eth @Lynx_lynxOG @viamissufecity @justineEXO @lilpunksnft @lethudinhbinh @selim_rn @oct0pusea
208,1649631516000.0,2022-04-10 15:58:36,61 YaÅŸÄ±ndaki KadÄ±nÄ±n Kripto Para Servetini Ã‡aldÄ±lar!  https://t.co/tygjetGLBJ #Bitcoin #Ethereum #Avax #Metamask #NFT #Binance
209,1649631512000.0,2022-04-10 15:58:32,@DeadCatBounce_0 #OmniChain #LayerZero #ETH #BSC #Polygon #AVAX #Fantom #Arbitrum #FreeMint #Layer0
210,1649631487000.0,2022-04-10 15:58:07,Do you know that #hakuSwap is the most promising and ever growing DEX farm on Avalanche with a yield of 390% per annum? Make sure you don't miss out on bagging $HAKU now. You can move Tokens here:  https://t.co/MWuaDQhUHd No additional fees  @HakuSwap #Hakuswap #AVAX #Avalanche  https://t.co/pDHelHwWBu
211,1649631476000.0,2022-04-10 15:57:56,@0xRafael_ Avec moi : @anthonystitch @pelidinde1 #GIVEAWAY #AVAX
212,1649631412000.0,2022-04-10 15:56:52,#EverRise $RISE  $0.001054 Î” +2.8% ğŸŸ¢ $75.5M Market Cap +2.8% 51081 Hodlrs +0.1%  $0.001038 (#Eth) Î” +3.3% ğŸŸ¢ $0.001126 (#BNB) Î” +1.6% ğŸŸ¢ $0.001038 (#Polygon) Î” +3.4% ğŸŸ¢ $0.001034 (#Ftm) Î” +4.0% ğŸŸ¢ $0.001026 (#Avax) Î” +2.3% ğŸŸ¢  ğŸ” $43.3M Staked TVL  $7.6M LP $2.0M Buyback  https://t.co/Ezz4OWEfuR
213,1649631410000.0,2022-04-10 15:56:50,"prÃ©parez vous Ã  long sur $avax un entry price entre 82.2-82.5$ est trÃ¨s bon, long jusquâ€™Ã  85$ ğŸ’š ğŸš¨ trade un peu long le temps que Ã§a remonte  https://t.co/YzxXjzBw2S"
214,1649631383000.0,2022-04-10 15:56:23,@hakoi_ta Hocam avax bakabilirmisin lÃ¼tfen ğŸ™ğŸ™ğŸ™
215,1649631383000.0,2022-04-10 15:56:23,@owloper  #Avalance #AVAXNFT #avax #nft  https://t.co/P8pS2ujsUv
216,1649631376000.0,2022-04-10 15:56:16,@rainascrdl @avax @murcaav @kralonsa @Diyarsa4
217,1649631369000.0,2022-04-10 15:56:09,Trade 7 Shorted $Dot at $20 on 5x and sold at $19.51. That trade essentially sorted my 15% gain target for the week within 30 minutes after a week of going sideways and missing trades.  #altcoin #5kto1mill #polkadot #altcoins #avaxÂ Â #sol #eth #ada #btcÂ #luna  https://t.co/cTtS2ncziO
218,1649631368000.0,2022-04-10 15:56:08,@AvaxiMaxi @IglesiaJulios  @jeffnieves214  @aiza_tapangan  #AVAX #avalanche #Giveaways #p2e
219,1649631344000.0,2022-04-10 15:55:44,"@Avax_News @polar_nodes Thanks for the chance, lets try. @VCKtGBO5iJMBJan @nutkabs7894"
220,1649631339000.0,2022-04-10 15:55:39,@gmgiray Etherum deÄŸilse avax nolur abii
221,1649631328000.0,2022-04-10 15:55:28,@HustlepediaYT Police and thiefs on Avax. Just buy $loot
222,1649631307000.0,2022-04-10 15:55:07,âœ… Get real time notification on Telegram âœ… Learn my simple price action setup âœ… Master crypto airdrop  ğŸ”¸  https://t.co/S1kEg6W7zj  $MATIC $RSR $AVAX $REN $API3 $SFP $XRP $ALPHA $TRB $KNC $COTI $BLZ  59121168  https://t.co/6oGrrw1OTC
223,1649631288000.0,2022-04-10 15:54:48,@TheCryptoLark Hmmmm I think #MetaDerby will be more adopted after launch on april 21st ğŸ”¥ğŸ”¥ğŸ”¥ ...#AVAX $DBY #Avalanche
224,1649631253000.0,2022-04-10 15:54:13,@PlayCryptoFr GL guys @KaueGaymer @Fallenthebest1 @RuaanZera #AVAX #GIVEAWAYS #GIVEAWAY #NFTGIVEAWAY
225,1649631212000.0,2022-04-10 15:53:32,"4hçº§åˆ«, bnb avax atom near  å¤´è‚©é¡¶å½¢æ€é¢„æœŸï¼Œæ²¡æœ‰æ”¾é‡çš„ä¸‹è·Œï¼Œå°±å¾ˆéš¾æ­¢è·Œã€‚  https://t.co/Yxpp8rXfJ9"
226,1649631210000.0,2022-04-10 15:53:30,"Happy mother fucking Monday all you amazing humansâ€¦. Letâ€™s fkn get that bread, respect others and show people a level of compassion never before seen! ğŸš¨ğŸš¨ğŸš¨ #MEMES #ftm #AVAX #BNB #Crypto  https://t.co/oab4ugJiJH"
227,1649631206000.0,2022-04-10 15:53:26,"Ok, i just realised itâ€™s mostly because of high gas fees. Setting needs 0,05 $Avax right now :,)  We need @swimmer_network asap. ğŸ™„ğŸ¦€â¤ï¸"
228,1649631203000.0,2022-04-10 15:53:23,"Piggy Finance - $PIGGY (@piggy_finance) update! #AVAX  Price: $43.39 Price Change 24h: -10.05% Volume 24h: $21,163.94 Fully Diluted MC: $588,593.86 PEG: 0.5247    https://t.co/VMj5YNpfwr  #AlgorithmicPEG #DeFi #TOMB #PassiveIncome $AVAX  https://t.co/1idhxla4Z8"
229,1649631197000.0,2022-04-10 15:53:17,@BNBCHAIN Xrp. Xdc. Xlm. Link. Eth. Btc. Avax.
230,1649631164000.0,2022-04-10 15:52:44,#NFT #NFTCommunity #NFTs #NFTProject #bitcoin #avax #sol #ada #shib #doge  https://t.co/JDF9rbyMpj
231,1649631111000.0,2022-04-10 15:51:51,#EverRise $RISE  $0.001054 Î” +2.9% ğŸŸ¢ $75.5M Market Cap +2.9% 51081 Hodlrs +0.1%  $0.001039 (#Eth) Î” +3.5% ğŸŸ¢ $0.001125 (#BNB) Î” +1.6% ğŸŸ¢ $0.001037 (#Polygon) Î” +3.3% ğŸŸ¢ $0.001036 (#Ftm) Î” +4.2% ğŸŸ¢ $0.001026 (#Avax) Î” +2.2% ğŸŸ¢  ğŸ” $43.3M Staked TVL  $7.6M LP $2.0M Buyback  https://t.co/BSQbvKoWq4
232,1649631104000.0,2022-04-10 15:51:44,"â†“ #AKITAX PRICE = 0,000353 Rank = #8,657 #AVAX = 235552,41 $AKITAX 1D: -8.26% CHANGING = -4,85 â–…â–ƒâ–"
233,1649631095000.0,2022-04-10 15:51:35,"â†“ #TUS PRICE = 0,054946 Rank = #2,390 #AVAX = 1513,3 $TUS 1D: -13.29% CHANGING = -5 â–…â–ƒâ–"
234,1649631068000.0,2022-04-10 15:51:08,@EverRiseJason $RISE/#Avax holy moly what a stairway to haven. $RISE/#BNB dip eaten like it was just a snack. The evolution of #EverRise project is so fun to watch!
235,1649631048000.0,2022-04-10 15:50:48,"@CryptoZeluz @CloudHeadzNft @MrWonderland21 Treat yourself to a @FrogFrens â€¦ once you pop, you just canâ€™t stop! An absolute steal at 0.5 AVAX"
236,1649631019000.0,2022-04-10 15:50:19,@seb_rtm I need this @Fallenthebest1 @Jean_Belinski @Augustopickaw #AVAX #GIVEAWAY #BITCOIN #CONCOURS
237,1649631002000.0,2022-04-10 15:50:02,$ETH: $2.62 - $28.68      $SOL: $0.00056         #SolanaNFTS: $0.90 - $4.14      $AVAX: $0.08      $FTM: $0.0053      $MATIC: $0.02      $BTC: $0.65      $XRP: 0.00000828      $XLM: $0.00000200      $ALGO: $0.0800
238,1649630988000.0,2022-04-10 15:49:48,@stablekwon Bitcoin $$$$$ ! ---- Avax $ ! ---- NEXT $ ??? ...
239,1649630986000.0,2022-04-10 15:49:46,@dnsy_04 @Jrose1158 @snakecity_io @Avax_News @AvaxRarity @avaxholic @AVAXDaily @Avalanche_Space @WeekInAvalanche @TodayAvalanche @AvaxNFTs @avalabsofficial @AvalaunchApp @Aether_011 @0xRussell Ayy na tag lang kasi ako eh sorry na wag kana Magalit uwu oishi MinecraftğŸ¤£
240,1649630939000.0,2022-04-10 15:48:59,"â†“ #SLUSH PRICE = 0,010401 Rank = #12,393 #AVAX = 7994,42 $SLUSH 1D: -1.99% CHANGING = -5,51 â–…â–ƒâ–"
241,1649630932000.0,2022-04-10 15:48:52,@crypt_engineer EmekliliÄŸim #AVAX'tan olacak
242,1649630903000.0,2022-04-10 15:48:23,#AVAX Long Setup  -----------------------  AVAX/USDT - AVAX/BTC  https://t.co/i1SxuFhGgl
243,1649630885000.0,2022-04-10 15:48:05,@SnowWolf_AVAX @Fenerbahce @traderjoe_xyz @fbtokenofficial Best
244,1649630871000.0,2022-04-10 15:47:51,Master Chef #8871 SOLD for 0.75 #AVAX  https://t.co/kkFDJj4eB1
245,1649630851000.0,2022-04-10 15:47:31,@Bitso $AVAX!!!
246,1649630838000.0,2022-04-10 15:47:18,@crypt_engineer Avax yÃ¼zÃ¼mÃ¼zÃ¼ gÃ¼ldÃ¼recek
247,1649630808000.0,2022-04-10 15:46:48,#EverRise $RISE  $0.001058 Î” +3.3% ğŸŸ¢ $75.8M Market Cap +3.3% 51081 Hodlrs +0.1%  $0.001038 (#Eth) Î” +3.3% ğŸŸ¢ $0.001137 (#BNB) Î” +2.6% ğŸŸ¢ $0.001040 (#Polygon) Î” +3.6% ğŸŸ¢ $0.001039 (#Ftm) Î” +4.5% ğŸŸ¢ $0.001029 (#Avax) Î” +2.6% ğŸŸ¢  ğŸ” $43.4M Staked TVL  $7.7M LP $2.0M Buyback  https://t.co/Mw0gUAbDd3
248,1649630808000.0,2022-04-10 15:46:48,"$ORAI is more than AI, itâ€™s a L1 oracle - VRF on chain (new by Oraichain) on Fantom and AVAX - IBC OraiDEX - Data Hub - Custom subnet for scaling - EVM compatible #IBCGang are you all ready ğŸš€  https://t.co/zyndEb1dmn"
249,1649630807000.0,2022-04-10 15:46:47,@hakoi_ta Luna avax emirlerin halÃ¢ geÃ§erlimi?
250,1649630780000.0,2022-04-10 15:46:20,@mkaragulle1 #avax
251,1649630765000.0,2022-04-10 15:46:05,@seb_rtm Je tente ma chance aux cÃ´tÃ©s de   @MichelMonster38 #GIVEAWAY #NODE #AVAX #BITCOIN
252,1649630745000.0,2022-04-10 15:45:45,@owloper #Avalance #AVAXNFT #avax #nft  https://t.co/IGNUxtoOw6
253,1649630734000.0,2022-04-10 15:45:34,"ğŸš¨[Volume alert ]  #Binance Futures $AVAXUSDT: 19,597.0 $AVAX traded at vwap: 82.43359 in the last 10 seconds which is 13.82 stdevs from mean. Buys: 3,072.0 Sells: 16,525.0"
254,1649630719000.0,2022-04-10 15:45:19,@rainascrdl @0xHerrCooles @avax @trmnft @KuddusiYlmz @halitduzgunn
255,1649630709000.0,2022-04-10 15:45:09,Congratz RETURNOFTHEMAC on short positionğŸ‘  âœ…Symbol : $BTC âœ…ROE : %330.33 âœ…Entry : 43272.64 âœ…Exit : 42158.54  Follow top ROI people realtime. Link on profile and pinned tweet $RVN $1INCH $RSR $HOT $LPT $GALA $BAL $ZRX $ARPA $AVAX
256,1649630701000.0,2022-04-10 15:45:01,#Luna $93.02  $Luna #Avax $82.87  $Avax #Sol $111.51  $Sol
257,1649630699000.0,2022-04-10 15:44:59,@EverRiseJason So beautiful.  Organic growth at its finest.    #EverRise $RISE #EverRiseV3 #Defi #Cryptocurrency #Staking #StakingRewards #NFT #NFTs #blockchain #bnb #BNBchain #Ethereum #Avalanche #AVAX #polygon #PolygonNFT #fantom  https://t.co/cjbDbaXhOn
258,1649630678000.0,2022-04-10 15:44:38,@0xRafael_ Bonne chance Ã  tous !  @MichelMonster38 #GIVEAWAY #AVAX
259,1649630673000.0,2022-04-10 15:44:33,jâ€™hÃ©site sur lentry price de $avax mais ce qui est sÃ»r câ€™est quâ€™il va vite retourner aux 85$  https://t.co/leL0KduUU5
260,1649630671000.0,2022-04-10 15:44:31,@PatrickMogul @harmonyprotocol @MetaMask The only thing of value @harmonyprotocol had was cheap gasâ€¦at these rates Avax is cheaper ğŸ˜‚ even with inflated crab gas.
261,1649630670000.0,2022-04-10 15:44:30,@rainascrdl @avax @Sumarusk @yumantak @bloklinex
262,1649630660000.0,2022-04-10 15:44:20,@CoinProfesor Hocam #avax emriniz hÃ¢lÃ¢ geÃ§erli mi?
263,1649630616000.0,2022-04-10 15:43:36,"@poordart There's also some good stuff coming to avax, just going to take time, I know that @playSHRAPNEL is going to be lit. And @fractalwagmi Is the place to find new Solana games"
264,1649630578000.0,2022-04-10 15:42:58,"@polar_nodes stop this madness and leave avax, you are increasing fees lol"
265,1649630576000.0,2022-04-10 15:42:56,@Binance_Turkish Avax
266,1649630574000.0,2022-04-10 15:42:54,ğŸ¤¯   #EverRise $RISE #EverRiseV3 #Defi #Cryptocurrency #Staking #StakingRewards #NFT #NFTs #blockchain #bnb #BNBchain #Ethereum #Avalanche #AVAX #polygon #PolygonNFT #fantom  https://t.co/SpVJqbPkjm
267,1649630568000.0,2022-04-10 15:42:48,@Avax_News @polar_nodes Thankyou for oportunity &amp; i hope can win this time. Lets try together guys ğŸ™ @OveTarei_Mscha @bastemuche6560
268,1649630532000.0,2022-04-10 15:42:12,"$AVAX Guys, Don't miss the next move in a few hours.,.~ ğŸ”— https://t.co/G0h8kd5nWn"
269,1649630528000.0,2022-04-10 15:42:08,TOP Longs  AVAX-STAKED ; 20.17% USDC2 ; 12.16% USD margins available  ; 9.11% STG-SPOT2  ; 7.70% Defi-Kingdom Total ; 6.83% WAVAX + USDC FARM  ; 5.38% STG-SPOT  ; 5.27% USDC-3 ; 5.04% UST  ; 3.07% DPX-WETH FARM ; 2.94% ETH- SPOT ; 2.07%
270,1649630526000.0,2022-04-10 15:42:06,#EverRise $RISE #LetUsIn #EverRiseV3 #EverRiseEDU #DeFi #Crypto #Cryptocurrency #BuildStuff #BuildStuff #AVAX #NFT_Stake #FTM #FTM #Altcoins  https://t.co/43CsjFODcs
271,1649630507000.0,2022-04-10 15:41:47,#EverRise $RISE  $0.001059 Î” +3.4% ğŸŸ¢ $75.9M Market Cap +3.4% 51081 Hodlrs +0.1%  $0.001038 (#Eth) Î” +3.3% ğŸŸ¢ $0.001137 (#BNB) Î” +2.6% ğŸŸ¢ $0.001043 (#Polygon) Î” +3.9% ğŸŸ¢ $0.001042 (#Ftm) Î” +4.9% ğŸŸ¢ $0.001028 (#Avax) Î” +2.5% ğŸŸ¢  ğŸ” $43.5M Staked TVL  $7.7M LP $2.0M Buyback  https://t.co/VQSiSidzKD
272,1649630496000.0,2022-04-10 15:41:36,@CluckNorrisAVAX @chikn_nft lets get it ! #bokbok #bok4coq #AVAX  spread them wings and fly !
273,1649630489000.0,2022-04-10 15:41:29,@cryptogems555 Paper hands and those that doubt $DBY of @metaderby  I'm ready for it launch ğŸ’¥ğŸ’¥..... #Metaverse #AVAX
274,1649630476000.0,2022-04-10 15:41:16,11 April 2022 Net  Covered shorts (too early) limit orders out on $STG on the way down ( fully funded hence quite a bit margins taken)  Longs;66.35% Stablecoin;33.65%   Shorts;0.00% -  Net AVAX;23.9%
275,1649630457000.0,2022-04-10 15:40:57,Itâ€™s time to MINT!!   https://t.co/lSXOGEhbGI  Get your Midgard Gen 0 Heroes while you can!!  And drop by the Discord if you enjoy some alpha :)  #AVAX #AVAXNFT  #GameFi  $VOLT $MEAD $AVAX
276,1649630430000.0,2022-04-10 15:40:30,"Be careful in your transactions and stay away from the margin.Your priority is not to lose money. Remember, opportunities do not end in the market  $Luna $Avax $Sys $MBOX $OOKI $matic $REQ $Loka $voxel $BICO #web3 #Nft #1INCH $Df $OOKI $Dusk $Chees $HIVE $rune $QI $HIGH $Beta #T"
277,1649630422000.0,2022-04-10 15:40:22,@1goonrich @AvogeAVAX Uh oh @AvogeAVAX I got to get on now. I have a reason to buy $Avax network #memecoins #Avalanche
278,1649630420000.0,2022-04-10 15:40:20,@DeadCatBounce_0 Done @blockturk @crypto_gonzales @AirGonzaless  #OmniChain #LayerZero #ETH #BSC #Polygon #AVAX #Fantom #Arbitrum #FreeMint #Layer0  https://t.co/y8ybUYLRmj
279,1649630401000.0,2022-04-10 15:40:01,$ETH: $2.90 - $31.72      $SOL: $0.00056         #SolanaNFTS: $0.90 - $4.14      $AVAX: $0.08      $FTM: $0.0042      $MATIC: $0.02      $BTC: $0.65      $XRP: 0.00000828      $XLM: $0.00000200      $ALGO: $0.0800
280,1649630401000.0,2022-04-10 15:40:01,$200 Million Worth of AVAX Bought by Terra for USTâ€™s Reserves  https://t.co/cOdvzGTXqW
281,1649630396000.0,2022-04-10 15:39:56,"#Avalanche Fear and Greed Index is currently 55 - NEUTRAL  Current #AVAX price is 83.31651900126836 usd Current market cap is 22,353,664,905 usd 24h trading volume is 428,440,067 usd  Live #crypto analysis for $AVAX and 100 other #altcoins and #cryptocurrencies  https://t.co/BBH4QcR4TM"
282,1649630363000.0,2022-04-10 15:39:23,"$AVAX  test of 85 is your level, on daily and 3D it looks like you would be looking for downside. Uninspired. $FTM i will go all in at 30cents $STG has fallen out the bottom of the lows, buyer if the bottom of the range is recovered. I would not be touching this.  https://t.co/6rpqLClfay"
283,1649630351000.0,2022-04-10 15:39:11,"STREAM SUMMARY  Welcome welcome. Baskitch smol apology, missed the start of stream.   When the VOD pops up on twitch i will ADD the content from beginning of stream to this thread :3  Altcoin Content: $SOL $NEAR $LUNA $AVAX $KNC $AAVE  $FTM  $APE $XTZ $LOOKS $MANA $GMT $FXS $PYR"
284,1649630350000.0,2022-04-10 15:39:10,@tezbo79 @Conatore1 @Louverture_fi @OMEGA_8888 @Frankie_SF Gas fees showing 25 bucks to claim.  Lol death to AVAX.  @OMEGA_8888 @Louverture_fi
285,1649630305000.0,2022-04-10 15:38:25,"$BTC is down again. If the weekly close is below 42.K, the decline may continue.   $Luna $Avax $Sys $MBOX $OOKI $matic $REQ $Loka $voxel $BICO #web3 #Nft #1INCH $Df $OOKI $Dusk $Chees $HIVE $rune $QI $HIGH $Beta $Pond $Sys $MBOX $woo $NBS $Astr $ygg $Aca $Dar"
286,1649630263000.0,2022-04-10 15:37:43,@rainascrdl @0xHerrCooles @avax @SOBERANIDAD @KediPasaNFT @smurfeng1
287,1649630247000.0,2022-04-10 15:37:27,"$BTC Vampire market maker 4H closed ğŸ‘‡at the border with 43,235 and faked it with a difference of $35  $Luna $Avax $Sys $MBOX $OOKI $matic $REQ $Loka $voxel $BICO #web3 #Nft #1INCH $Df $OOKI $Dusk $Chees $HIVE $rune $QI $HIGH $Beta $Pond $Sys $MBOX $woo $NBS $Astr $ygg $Aca $Dar"
288,1649630204000.0,2022-04-10 15:36:44,#EverRise $RISE  $0.001062 Î” +3.7% ğŸŸ¢ $76.1M Market Cap +3.7% 51080 Hodlrs +0.1%  $0.001044 (#Eth) Î” +3.9% ğŸŸ¢ $0.001138 (#BNB) Î” +2.7% ğŸŸ¢ $0.001044 (#Polygon) Î” +4.0% ğŸŸ¢ $0.001050 (#Ftm) Î” +5.6% ğŸŸ¢ $0.001029 (#Avax) Î” +2.6% ğŸŸ¢  ğŸ” $43.6M Staked TVL  $7.7M LP $2.0M Buyback  https://t.co/oflh1jcZBO
289,1649630203000.0,2022-04-10 15:36:43,@AirdropBSC_Com #BULL #AVAX #DAO  @AjayAja04539361 @BalaamTamara @Mesal061
290,1649630192000.0,2022-04-10 15:36:32,@rainascrdl @0xHerrCooles @avax @isilmtly @chevrale @volkili
291,1649630182000.0,2022-04-10 15:36:22,@rainascrdl @avax @isilmtly @chevrale
292,1649630173000.0,2022-04-10 15:36:13,"ğŸš¨ Attention #AVAX lovers! ğŸš¨  Ruby Mine just launched! Deposit Avax - earn 8% daily.   Safe, audited, and sustainable! #BakedBeans fork now on #Avalanche   Join below and start earning 8% daily #passiveincome on #AVAX!   https://t.co/r82RtTpjsO  #cryptostaking #binance #bitcoin  https://t.co/0fPtrnQSTd"
293,1649630127000.0,2022-04-10 15:35:27,"â†“ #LOST PRICE = 1,564722 Rank = Not Data. #AVAX = 53,32 $LOST 1D: Not Data. CHANGING = -5,05 â–…â–ƒâ–"
294,1649630089000.0,2022-04-10 15:34:49,Looks interesting but its not a financial advice thoğŸ™ƒ https://t.co/qOsUQl7F33 #DeFi #AVAX #passiveincome
295,1649630075000.0,2022-04-10 15:34:35,@seb_rtm Merci d'organiser ce concours !  @pelidinde1 #GIVEAWAY #NODE #AVAX #BITCOIN
296,1649629999000.0,2022-04-10 15:33:19,@0xRafael_ Je participe et j'invite @MichelMonster38 @TotoM38240 #GIVEAWAY #AVAX
297,1649629992000.0,2022-04-10 15:33:12,"Preisanalyse 4/8: BTC, ETH, BNB, SOL, XRP, ADA, LUNA, AVAX, DOT, DOGE  https://t.co/fCNHlEQ1pT #nft #crypto"
298,1649629992000.0,2022-04-10 15:33:12,Take a look! At $0.13 #harmony $ONE is so undervalued!   $ATOM $ADA $EGLD $NEAR $AVAX $FTM $DOT
299,1649629969000.0,2022-04-10 15:32:49,@TheMoonMidas Luna and Avax ğŸ’”
300,1649629954000.0,2022-04-10 15:32:34,@23Llull @RMBaloncesto @ACBCOM #AVAX  https://t.co/6oQyaktSpG
301,1649629930000.0,2022-04-10 15:32:10,Another good news from @_SparkGM. @_SparkGM protocol will be on #AVAX network
302,1649629927000.0,2022-04-10 15:32:07,Avalunch Ã¼zerinde idosu yapÄ±lan bir proje. SatÄ±ÅŸ bugÃ¼n tamamlandÄ± ve 14 Nisan'da listeleniyor. Avax aÄŸÄ±nÄ±n gÃ¼zel oyunlarÄ± arasÄ±na katÄ±lmaya aday bir proje. 100 boxes Ã§ekiliÅŸi yapÄ±yorlar linkten katÄ±labilirsiniz. #AVAX #Avalaunch #BoldPoint #Avalanche  https://t.co/NIkUS8h9eo
303,1649629926000.0,2022-04-10 15:32:06,"#AVAX - short alert ğŸ¤¡ğŸ¤¡  Exchange     : FTX Market         : $AVAX - $PERP Volume        : $345,544 Price            : $82.855  $BTC #BTC $ETH #ETH  For live Whale Trade Flow, check -  https://t.co/qEq8Ymgdoc  https://t.co/5gBaeQc4Fz"
304,1649629923000.0,2022-04-10 15:32:03,@avalancheavax @EnterNFT good couple #NFTART #EnterNFT #AVAX #Avalanche #cryptocurrenices #NFT
305,1649629923000.0,2022-04-10 15:32:03,"#BTC 30 dakikalÄ±k grafiÄŸi destek test edildi,gÃ¼nlÃ¼k kapanÄ±ÅŸ ve 4 saatlik kapanÄ±ÅŸlarÄ± takip ediyoruz.   #Btc #Bnb #Avax  https://t.co/lHBinAHPBl"
306,1649629918000.0,2022-04-10 15:31:58,"@avax_art @PicsBurger @metamorph_nft @metamorphed_art @Alteregopunks_ @AvaxGifts @avalancheavax @AvaxNFTs Hello, Same as THE REV3AL project ? Just need to know what do you think about it? before i get some.. Thanks"
307,1649629917000.0,2022-04-10 15:31:57,@0xPoorMen On croise les doigts ! vous aussi @rafhlgt @K_ni93 #AVAX
308,1649629905000.0,2022-04-10 15:31:45,I'm part of a server where top traders actually get paid based on results. Everyone else benefits from the alerts. We all win. $LINK $DOT $ETH $LTC $THETA $ADA $DOGE $MITX $UNI $BTC $AVAX $BTC $XRP $SRM $ETH $SL $RSI $MATIC $BTT $BNB $TP $TSLA $MACD $ATH $KCS  https://t.co/rr0Gs9z5KU
309,1649629903000.0,2022-04-10 15:31:43,#EverRise $RISE  $0.001065 Î” +3.9% ğŸŸ¢ $76.3M Market Cap +3.9% 51079 Hodlrs +0.1%  $0.001047 (#Eth) Î” +4.3% ğŸŸ¢ $0.001137 (#BNB) Î” +2.6% ğŸŸ¢ $0.001047 (#Polygon) Î” +4.4% ğŸŸ¢ $0.001053 (#Ftm) Î” +6.0% ğŸŸ¢ $0.001033 (#Avax) Î” +2.9% ğŸŸ¢  ğŸ” $43.7M Staked TVL  $7.7M LP $2.0M Buyback  https://t.co/2Gqj4caHoM
310,1649629879000.0,2022-04-10 15:31:19,âš¡ $100 for 5 people âš¡  ğŸ“Terms  1ï¸âƒ£ Follow Me (@metusemo) 2ï¸âƒ£ RT + LIKE 3ï¸âƒ£ Tag 3 friends   ğŸš¨End Time : 14 April -19:00 UTC   #BSC #AVAX #Solana #ETH #CRO #CRONOS #Giveaway #BNB #Airdrop #NFTGiveaway #ALTSEASON #GEM #BULL
311,1649629878000.0,2022-04-10 15:31:18,@rainascrdl @0xHerrCooles @avax @BSSHand  @jssutton14  @nssu_lions
312,1649629865000.0,2022-04-10 15:31:05,@AvogeAVAX @1goonrich WE JUST GETTING STARTED BABY $AVOGE TAKING OVER $AVAX!!!!
313,1649629854000.0,2022-04-10 15:30:54,"@seb_rtm J'ai tellement envie de gagner, essayez vous aussi @Esprit_saint00 @Picasso_street #bitcoin #avax #node"
314,1649629853000.0,2022-04-10 15:30:53,@NodesHogwart @Cameronisdoge @CryptoMmcb @yo_Frizz need avax ğŸ¤‘
315,1649629851000.0,2022-04-10 15:30:51,A gem #AVOGE the first Memecoin on #AVAX MCAP 135k @AvogeAVAX  https://t.co/IQbZ9tsLpx
316,1649629812000.0,2022-04-10 15:30:12,For our early CatsğŸ± 100 Free Mints to be given Just Engage ğŸ§µ #OmniChain #LayerZero #ETH #BSC #Polygon #AVAX #Fantom #Arbitrum #FreeMint #Layer0  https://t.co/uDCf97OiHK
317,1649629805000.0,2022-04-10 15:30:05,ZakladateÄ¾ blockchainu Terra Do Kwon odhalil obrovskÃ© plÃ¡ny s Avalanchom â€“ pravÃ½ dÃ´vod nÃ¡kupu AVAX za 100 miliÃ³nov dolÃ¡rov?  https://t.co/VVqOtOFAk8 #altcoin #kryptomeny
318,1649629802000.0,2022-04-10 15:30:02,$ETH: $2.89 - $31.69      $SOL: $0.00056         #SolanaNFTS: $0.90 - $4.14      $AVAX: $0.08      $FTM: $0.0043      $MATIC: $0.02      $BTC: $0.65      $XRP: 0.00000828      $XLM: $0.00000200      $ALGO: $0.0800
319,1649629802000.0,2022-04-10 15:30:02,#Luna $93.8  $Luna #Avax $83.32  $Avax #Sol $112.57  $Sol
320,1649629797000.0,2022-04-10 15:29:57,@avaxchikn @0xCampfire #LaFamilia #CampFire #CloudHeadz #NFT #AVAX #NFTs  https://t.co/nJYky2vNmg
321,1649629777000.0,2022-04-10 15:29:37,@web3_coin @CoinMarketCap GREAT PROJECT #tron #AVAX #eth @Naija_PR @Caixer7 @1933ssdagger1
322,1649629777000.0,2022-04-10 15:29:37,"â†‘ #BZRX PRICE = 0,203447 Rank = #338 #AVAX = 410,08 $BZRX 1D: -4.42% CHANGING = 31,82 â–â–ƒâ–…"
323,1649629766000.0,2022-04-10 15:29:26,"@1goonrich @AvogeAVAX I'm all in for fun, games, plays and memes #AVAX is definitely one of my favorite plays  But I can't wait for the day @koilfinance puts all that goodness on $FUSE"
324,1649629737000.0,2022-04-10 15:28:57,"VÃ o thá»i Ä‘iá»ƒm nÃ y nÄƒm ngoÃ¡i...VÃ  bÃ¢y giá» Ä‘Ã£ cÃ³ nhiá»u sá»± thay Ä‘á»•i tá»« BTC cho tá»›i altcoin.  $BTC $59,769 $ETH $2,135 $LUNA $15.48 $AVAX $31.77 $SOL $26.80 $DOGE $0.0637 $MATIC $0.357 $BNB $471.3 $ADA $1.217"
325,1649629733000.0,2022-04-10 15:28:53,@jay0nez $AVAX got a bad case of crabs
326,1649629714000.0,2022-04-10 15:28:34,Analist Bitcoin YatÄ±rÄ±mcÄ±larÄ±nÄ± UyardÄ±: BÃ¼yÃ¼k Tuzak Var!  https://t.co/yFdzq1MGdN #Bitcoin #Ethereum #Avax #Metamask #NFT #Binance
327,1649629710000.0,2022-04-10 15:28:30,$AZERO likes ğŸŸ¢ $SOL $ETH $BNB $BTC $AVAX #AlephZero #AZERO #Web3  https://t.co/PIZSdsU3xD
328,1649629708000.0,2022-04-10 15:28:28,@web3_coin @CoinMarketCap @bnbbull @avax @airdop ğŸ¤— @solomon98074107
329,1649629658000.0,2022-04-10 15:27:38,Avax x Hoge
330,1649629643000.0,2022-04-10 15:27:23,"Investir et Ãªtre payÃ©e tout les jours Ã  hauteur de 1% jusquâ€™Ã  4% par jours Ã§a fait vraiment du bien, revenue totalement passif et en lieux sur, encore mieux que les listing sur binance lol, venez dm guys #BNBchain #USDTether #eth #btc #avax #nft #ape #gmt #Giveaways"
331,1649629623000.0,2022-04-10 15:27:03,@hocca_official   bi  #AVAX  Ã§alÄ±ÅŸ bence Ferhat kardeÅŸim. metrikleri 2018  eth ye Ã§ok benziyor bÃ¼yÃ¼k balÄ±k olabilir mi acaba ?  fikrini cidden merak ediyorum.
332,1649629600000.0,2022-04-10 15:26:40,#EverRise $RISE  $0.001066 Î” +4.0% ğŸŸ¢ $76.4M Market Cap +4.0% 51079 Hodlrs +0.1%  $0.001047 (#Eth) Î” +4.3% ğŸŸ¢ $0.001140 (#BNB) Î” +2.9% ğŸŸ¢ $0.001048 (#Polygon) Î” +4.5% ğŸŸ¢ $0.001055 (#Ftm) Î” +6.1% ğŸŸ¢ $0.001033 (#Avax) Î” +2.9% ğŸŸ¢  ğŸ” $43.8M Staked TVL  $7.7M LP $2.0M Buyback  https://t.co/hZ3LP5lQ69
333,1649629595000.0,2022-04-10 15:26:35,ğŸ‰ GIVEAWAY ğŸ‰ğŸ²Contexia Finance ğŸ²ğŸ’° Prize: 1 Avax (~90$)ğŸ  3 Free Jackpot nodeRules:1ï¸âƒ£ Follow contexiafinance &amp;amp; IDOâ€¦
334,1649629583000.0,2022-04-10 15:26:23,@rainascrdl @0xHerrCooles @avax @aliduzgun23 @Emirkol7 @Berilinizim
335,1649629576000.0,2022-04-10 15:26:16,We follow back every red triangle ğŸ”º  Let everyone know. #AVAX #Avalanche #NFTCommunity
336,1649629575000.0,2022-04-10 15:26:15,@conquerlabs blessing people of avax again â¤ï¸
337,1649629568000.0,2022-04-10 15:26:08,B-E-A-UTIFUL!! ğŸ‘‡ğŸ¤©ğŸ¤©ğŸ¤©ğŸ¤©ğŸ¤©ğŸ‘Œ  &amp; as always..All 4 the $FEG $ROX #SmartDefi ecosystem!!ğŸ”¥ğŸ”¥ğŸ”¥  #FEG #ROX @FEGtoken @lifeisdefi @RTRcrypto @GingerMammoth1 @theFEGLogan @Dom_Feg @CryptoLegend51 @FEGcharlie   @Almarius3  #SINU #BSCGem #btc #ETH #MATIC #AVAX #FTM #BNB #USCT #2fawallet  https://t.co/kF2NIle46C
338,1649629524000.0,2022-04-10 15:25:24,"$BTC needs 1,61x to get ATH  $BNB needs 1,62x to get ATH  $SOL needs 2,3x to get ATH  $LUNA needs 1,27x to get ATH  $XRP needs 2,5x to get ATH  $ADA needs 2,9x to get ATH  $AVAX needs 1,76x to get ATH"
339,1649629522000.0,2022-04-10 15:25:22,Grayscale adds DOT and AVAX to the digital large cap fund while removing SNX and SUSHI from its DEFI fund. #Crypto #news #dot #avax #defi #grayscale #altcoinseason   https://t.co/Mfi7EmmbZH
340,1649629515000.0,2022-04-10 15:25:15,@Bitso #avax #solana
341,1649629513000.0,2022-04-10 15:25:13,@metrogalaxy_io In my opinion if you want to have the better life should be here. @Payman_zohrabi  @Nasrin_66  @Sajic02411335 @zmousavi13  #Giveaway #AVAX #Airdrop #METRO #Metrogalaxy
342,1649629456000.0,2022-04-10 15:24:16,This is an amazing project. I believe people will take a lot of benefits here. Cheers!    @AriellaJasmine1 @Stephanie5Queen @KarllaFranciel1  #Huobi #GameFi  #NFTs #AVAX
343,1649629442000.0,2022-04-10 15:24:02,@Dr_crypto27 Itâ€™s like when Steve Ballmer famously said that nobody would pay $500 for an iPhone and it lacked a keyboard which people needed for email. He was threatened. People always hate things that they donâ€™t understand or that threaten them. $AVAX is a major threat to the status quo.
344,1649629441000.0,2022-04-10 15:24:01,I'm bullish on #crypto #eth #avax #bnb let's hope that #btc holds
345,1649629416000.0,2022-04-10 15:23:36,$HAKU is still making gaint strides in the crypto space with massive gains everyday  $HAKU is the most undervalued DEX token on #AVAX ğŸ¤‘ Make sure you fill your bags with #haku today. Buy here:  https://t.co/WfbtfoIUyZ ğŸ§§  https://t.co/LiXxk59PyY  #Avalanche #AVAX #crypto #NFT  https://t.co/MvjPoyfX6G
346,1649629413000.0,2022-04-10 15:23:33,@Gojo_Crypto @CryptoHarry_ @AlphaSeeker21 @Cephii1 Always been a huge AVAX supporter!
347,1649629386000.0,2022-04-10 15:23:06,Hey ğŸ‘‹   I'm giving away 1 WL spot to  @react_dao upcoming presale on the 12th (AVAX).  I love investing in solid teams and React is no exception  This should do great like $NODAC &amp; $OTO   All you have to do: 1. Follow me (duh)  &amp; @react_dao  2. Retweet + like &amp; drop a comment  https://t.co/DDGUfzg7sW
348,1649629355000.0,2022-04-10 15:22:35,"@abosalamachart Ø­ÙŠÙ„Ùƒ Ø¨ rune,near,avax,knc,twt,zec  ÙƒÙ„Ù‡Ù… Ø¨ØªØ±Ù†Ø¯ ÙØ±Ø¹ÙŠ ØµØ§Ø¹Ø¯"
349,1649629336000.0,2022-04-10 15:22:16,Hopper #3932 - Common - has sold for 1.0 $AVAX!  https://t.co/NHgopotoTS  https://t.co/T5SOdg1HvC  ğŸ¸  #Avax #GameFi #NFTs  https://t.co/16R637kC5L  https://t.co/46InpW0VJl
350,1649629320000.0,2022-04-10 15:22:00,I want to add to my portfolio! What should I buy today?? Iâ€™m so undecidedâ€¦ $VET #VET $HBAR #HBAR $AVAX #AVAX $COTI #COTI
351,1649629311000.0,2022-04-10 15:21:51,@DeficryptoT @Darc1284 @ZooEcosystem I appreciate this video family.  $ZOO ğŸ¤ $AVAX
352,1649629304000.0,2022-04-10 15:21:44,$BTC: 42527.019 (-0.18%) $ETH: 3255.238 (0.39%) $BNB: 422.944 (0.03%) $SOL: 112.307 (1.44%) $XRP: 0.76 (-0.33%) $ADA: 1.048 (1.29%) $LUNA: 93.605 (-1.68%) $AVAX: 83.24 (-0.36%) $DOGE: 0.152 (5.49%) $DOT: 19.713 (0.6%)
353,1649629299000.0,2022-04-10 15:21:39,#EverRise $RISE  $0.001066 Î” +4.1% ğŸŸ¢ $76.4M Market Cap +4.1% 51079 Hodlrs +0.1%  $0.001047 (#Eth) Î” +4.3% ğŸŸ¢ $0.001139 (#BNB) Î” +2.8% ğŸŸ¢ $0.001049 (#Polygon) Î” +4.5% ğŸŸ¢ $0.001057 (#Ftm) Î” +6.4% ğŸŸ¢ $0.001034 (#Avax) Î” +3.0% ğŸŸ¢  ğŸ” $43.8M Staked TVL  $7.7M LP $2.0M Buyback  https://t.co/omW34f7P3l
354,1649629274000.0,2022-04-10 15:21:14,We are excited to share with you our home page in dark mode and light mode. Looking forward to sharing our mint node page in its completion.   Closed beta testing has just begun for selected users.   We want to nail this launch - a closed beta will ensure it.  #AVAX $LAVA  https://t.co/wVnpdkmynv
355,1649629252000.0,2022-04-10 15:20:52,@CryptoA40672341 How about Sol and Avax???
356,1649629249000.0,2022-04-10 15:20:49,Rsi just a Plus. #BTC #AVAX  https://t.co/jF4Md9MCS7
357,1649629238000.0,2022-04-10 15:20:38,@CryptoA40672341 Avax and gala update pls?ğŸ™ğŸ¼ğŸ™ğŸ¼
358,1649629224000.0,2022-04-10 15:20:24,#BTC 42.332 altÄ± kapanÄ±ÅŸ bizi 40450 desteÄŸine gÃ¶tÃ¼rÃ¼r.  #btc #avax #bnb #sol  https://t.co/xeKaohP4eo
359,1649629221000.0,2022-04-10 15:20:21,the strongest bullish signal flashed for #Bitcoin. Not trend reverse but price bounce is anticipated!  @tradeosiann  is a super #BTC Trader  Iâ€™ve been following his tweets and tips seriously &amp; Iâ€™ve been doing great $AVAX $PYR $REN $KEY #Cryptocurrency  $TRB
360,1649629202000.0,2022-04-10 15:20:02,"@jivasoul @Shadowsuv @LordsaLiepins @TheNodeCatcher @phoenix_fi @polar_nodes @GodsofAsgardP2E @TradeLabPro I have enough to create $THOR Odin node but the gas is crazy high like 0.7 Avax...however, $THOR Thor node or lower ones only require like 0.03-0.05 avax...why is that? What am I doing wrong/ Any ideas? Thx"
361,1649629202000.0,2022-04-10 15:20:02,$ETH: $3.96 - $43.35      $SOL: $0.00057         #SolanaNFTS: $0.91 - $4.22      $AVAX: $0.08      $FTM: $0.0045      $MATIC: $0.02      $BTC: $0.66      $XRP: 0.00000828      $XLM: $0.00000200      $ALGO: $0.0800
362,1649629201000.0,2022-04-10 15:20:01,"#snibsnib mining report â›ï¸  ğŸ“ˆ Expected returns (reinforcement): with 2.3$ (9.4$ fees)  without 4.8$ (4.1$ fees) ğŸ‘ˆğŸ‘ˆ  For 1ï¸âƒ£ reinforced mine: win  9.94$ lose -2.80$  â›½ gas: 152.0nAVAX ğŸ”º $AVAX: 83.55$ ğŸ’´ $TUS: 0.056$ ğŸ§¿ $CRA: 0.65$  (one prime, 40 %MR, fees incl., ğŸ‘ˆ reco.)"
363,1649629182000.0,2022-04-10 15:19:42,@seb_rtm On croise les doigts ! vous aussi @mediavenir @netflix @un_twittos_bleu #BITCOIN #NODE #AVAX
364,1649629167000.0,2022-04-10 15:19:27,"$AVAX  Buy the dips, sell the rips. Watch your stops  https://t.co/7svFtRsKAk"
365,1649629161000.0,2022-04-10 15:19:21,@RMoonOfficial Good Able Project to the moon ğŸŒ ğŸŒ  #C98 #C98USDT #AVAX @fajaransori15
366,1649629140000.0,2022-04-10 15:19:00,@Avax_News @polar_nodes @Mdsan_Aneybe @mosie_thabnar
367,1649629139000.0,2022-04-10 15:18:59,ONLY .50 AVAX!!! get in while you can! @FrogFrens have some sick NFTs  Started with 3 and seen I was only a few away from 500 so went for it ğŸ’ª ğŸ¸  #NFT #AVAX #FrensForever  https://t.co/S8Qrd3PRd1
368,1649629129000.0,2022-04-10 15:18:49,@kucoincom and @Avax_News   I hope I will be lucky to win this timeâ€¦  @Rager  @TT1000x  @pantopia_nft
369,1649629129000.0,2022-04-10 15:18:49,"VÃ o thá»i Ä‘iá»ƒm nÃ y nÄƒm ngoÃ¡i...VÃ  bÃ¢y giá» Ä‘Ã£ cÃ³ nhiá»u sá»± thay Ä‘á»•i tá»« BTC cho tá»›i altcoin.  $BTC $59,769 $ETH $2,135 $LUNA $15.48 $AVAX $31.77 $SOL $26.80 $DOGE $0.0637 $MATIC $0.357 $BNB $471.3 $ADA $1.217"
370,1649629103000.0,2022-04-10 15:18:23,"@BoA_avax_staff fellow BoA fans Solar, Sumni, Younha (omg she fangirls hard on there even in front of BoA ğŸ¤£), etc have also been radio hosts/djs"
371,1649629089000.0,2022-04-10 15:18:09,Congratz é˜¿æ–¯æ±‰ on long positionğŸ‘  âœ…Symbol : $KNC âœ…ROE : %754.69 âœ…Entry : 3.65606 âœ…Exit : 4.306  Follow top ROI people realtime. Link on profile and pinned tweet $MTL $SXP $AVAX $SNX $FTM $ICX $RUNE $ONT $1INCH $ANKR $AKRO $BTS $CHR
372,1649629083000.0,2022-04-10 15:18:03,Yo #NFTCommunity I think this is a sleeper collection! The art is SICK! Minting on the #AVAX network for only 0.5 AVAX right now! @FrogFrens  #NFTdrop #NFTProject #AvaxNftRush  https://t.co/AYBoJq9bkd
373,1649629061000.0,2022-04-10 15:17:41,The only crypto sun #RBXS  Join our samurai team and enjoy its benefits  Jon us web  https://t.co/hQE4s8Nh5w  #btc #bnb #avax  #RBXS  #SHIB #crypto #1000x  https://t.co/yixDDEt11a
374,1649629050000.0,2022-04-10 15:17:30,#EverRise  $0.001070 Î” +4.4% ğŸŸ¢ $76.6M Market Cap +4.4% 51078 Hodlrs +0.1%  $0.001053 (#Eth) Î” +4.8% ğŸŸ¢ $0.001141 (#BNB) Î” +3.0% ğŸŸ¢ $0.001051 (#Polygon) Î” +4.8% ğŸŸ¢ $0.001060 (#Ftm) Î” +6.7% ğŸŸ¢ $0.001038 (#Avax) Î” +3.4% ğŸŸ¢  ğŸ” $43.9M Staked TVL  $7.8M LP $2.0M Buyback  https://t.co/IIUfEqRcog
375,1649629024000.0,2022-04-10 15:17:04,@polar_nodes The second this tweet came out avax gas went back up. LOL
376,1649629008000.0,2022-04-10 15:16:48,@MetaDogeBaby #luna #AVAX #OpenSeaNFT  NICE!
377,1649628999000.0,2022-04-10 15:16:39,@rainascrdl @0xHerrCooles @avax @AlicanBaydar @AtakanBaydarr @fatihozsarii
378,1649628999000.0,2022-04-10 15:16:39,Hey sailor of tweets! Yes YOU.  I heard you there love free crypto offers from trusted sites. And that is exactly #Coinbase wants to tell you : get $10 of free Bitcoin when you buy or sell.   https://t.co/XOSazP0lDi !  $shib $eth $sol $avax
379,1649628971000.0,2022-04-10 15:16:11,"â†“ #SHIBX PRICE = 0,000164 Rank = #1,059 #AVAX = 511707,31 $SHIBX 1D: -0.62% CHANGING = -10,38 â–…â–ƒâ–"
380,1649628951000.0,2022-04-10 15:15:51,Ratio + I need to add avax to my wallet. For some reason i have too low of a balance MetaMask does a high fee.  Who's gonna help me add a little avax fee?
381,1649628950000.0,2022-04-10 15:15:50,Yo tout le monde ca fait un moment que j'ai pas tweet ce soir je vous mets en garde sur ce projet @Monkey_Finance_ qui pour moi a 99% d'Ãªtre un rug je vous explique pourquoi :  DÃ©jÃ  on a du #BSC sur un fork #AVAX bon a la limite pour avoir de la visibilitÃ© pourquoi pas
382,1649628942000.0,2022-04-10 15:15:42,I was about to move just 20$ and gas around 1.5$ .. wtf. #avax
383,1649628933000.0,2022-04-10 15:15:33,#AVAX #AVAXNFT #Avalanche
384,1649628917000.0,2022-04-10 15:15:17,@bitcoin_kurdu @Cryptojaguarr @avax_holder
385,1649628902000.0,2022-04-10 15:15:02,#Luna $94.02  $Luna #Avax $83.75  $Avax #Sol $113.23  $Sol
386,1649628862000.0,2022-04-10 15:14:22,"$AVAX seeing sustained chatter on 4chan over the last few daysVia  https://t.co/2dnyjDKb4L#avax    #4chan  #crypto  https://t.co/SRiw91TXOG"
387,1649628847000.0,2022-04-10 15:14:07,"Hot Dang, let's buy a ticket 'n' get on board! $SPAWN $AVAX @AvaxFrogsFPC ğŸ”ºğŸ¸ğŸŸï¸"
388,1649628803000.0,2022-04-10 15:13:23,Hopper #8244 - Exceptional - has sold for 1.98 $AVAX!  https://t.co/NHgopotoTS  https://t.co/T5SOdg1HvC  ğŸ¸  #Avax #GameFi #NFTs  https://t.co/16R637kC5L  https://t.co/YDZDYVh40d
389,1649628757000.0,2022-04-10 15:12:37,@web3_coin @CoinMarketCap #SANTOS #C98 #AVAX
390,1649628748000.0,2022-04-10 15:12:28,"@Codingandblock1 It's launching on #BSC, #AVAX and #Fantom."
391,1649628747000.0,2022-04-10 15:12:27,#EverRise  $0.001071 Î” +4.6% ğŸŸ¢ $76.7M Market Cap +4.6% 51077 Hodlrs +0.1%  $0.001053 (#Eth) Î” +4.8% ğŸŸ¢ $0.001141 (#BNB) Î” +3.0% ğŸŸ¢ $0.001054 (#Polygon) Î” +5.1% ğŸŸ¢ $0.001064 (#Ftm) Î” +7.1% ğŸŸ¢ $0.001039 (#Avax) Î” +3.5% ğŸŸ¢  ğŸ” $44.0M Staked TVL  $7.8M LP $2.0M Buyback  https://t.co/teIWoHN3N4
392,1649628726000.0,2022-04-10 15:12:06,"Fighters are you ready? You don't wanna miss this Follow @cryptofcgame  Join our discord, WL spots are still available  https://t.co/ydHSDLfmQY  #AVAX   #P2E #StakeToEarn  https://t.co/gqhwomXEtJ"
393,1649628721000.0,2022-04-10 15:12:01,@TheMoonCarl #AVAX #NEARUSDT #MANA #XAVA #Solana
394,1649628716000.0,2022-04-10 15:11:56,"Potential trade signal:  Our bot identified #BTC #SOL #AVAX from CryptoBoomNews's Tweet, trade this on the go with Lazy Trade  ğŸš€  https://t.co/TK7nLMSydV ğŸš€   https://t.co/VRV7CQyANf"
395,1649628711000.0,2022-04-10 15:11:51,ğŸš¨ This weekâ€™s highlights:  #Crypto: Robinhood releases crypto wallet to 2 million ppl!  #Bitcoin: Strike partners with Shopify to allow Bitcoin lightning network payments!  #NFT: OpenSea integrates Solana NFTs!  #Defi: Terra buys $200M in AVAX tokens to diversify UST reserve!
396,1649628689000.0,2022-04-10 15:11:29,@sobylife Avax uses a probabilistic consensus protocol. It is simply the best tech around.
397,1649628662000.0,2022-04-10 15:11:02,Trend Analysis: Top 50 Crypto To Watch | April 10   https://t.co/RcLcB6fBi1  $BTC $ETH $BNB $XRP $LUNA $ADA $SOL $AVAX $DOT $DOGE $SHIB $MATIC $CRO $ATOM $LTC $LINK $BCH $ALGO $XLM $MANA $ETC $SAND $FTM $AXS $DASH   #crypto #bitcoin #btc #Ethereum #eth
398,1649628658000.0,2022-04-10 15:10:58,#Avax herÅŸey  burada
399,1649628643000.0,2022-04-10 15:10:43,@Binance_Turkish Avax
400,1649628641000.0,2022-04-10 15:10:41,"News | Price analysis 4/6: BTC, ETH, BNB, SOL, XRP, ADA, LUNA, AVAX, DOT, DOGE #BTC #ETH   https://t.co/DZuaCUGgv3"
401,1649628616000.0,2022-04-10 15:10:16,"@natbrunell Terra bought some bitcoin, then avax, price pumped, bitcoin conference hit, lots of positive news like more nation adoptions, Saylor bought more bitcoin, price dipped, Terra bought another $176M bitcoin ..."
402,1649628603000.0,2022-04-10 15:10:03,4chan /biz/ coin mentions (past hour)  #1ğŸ¥‡ Bitcoin: 21 (-2) #2ğŸ¥ˆ Chainlink: 14 (-19) #3ğŸ¥‰ Avalanche: 14 (+2) #4 Polkadot: 14 (-30) #5 Ethereum: 10 (-11) #6 Amp: 8 (+5)  $BTC $LINK #AVAX $DOT #ETH #AMP
403,1649628602000.0,2022-04-10 15:10:02,$ETH: $6.12 - $67.08      $SOL: $0.00057         #SolanaNFTS: $0.91 - $4.22      $AVAX: $0.08      $FTM: $0.0043      $MATIC: $0.02      $BTC: $0.66      $XRP: 0.00000828      $XLM: $0.00000210      $ALGO: $0.0800
404,1649628542000.0,2022-04-10 15:09:02,@Binance_Turkish #AVAX ğŸ”¥ğŸ¤‘
405,1649628541000.0,2022-04-10 15:09:01,"@sobylife @luigidemeo Love $AVAX , but what about its tokenomics? Looks quite inflationary"
406,1649628540000.0,2022-04-10 15:09:00,@Binance_Turkish #Ethereum #AVAX
407,1649628509000.0,2022-04-10 15:08:29,@missnatoshi Always #LUNA @terra_money and some $BTC $AVAX when it feels good
408,1649628499000.0,2022-04-10 15:08:19,100 $egg for a #Roostr. Feed Egg to make Roostr bigger. Bigger Rooster = more $fert Burn egg to make farmland bigger for more $fert airdrop. April 14th and 15th.  #AVAXNFT #AVAX    https://t.co/tAG0GsdklW
409,1649628495000.0,2022-04-10 15:08:15,@DJCryptoYT AVAX vs SOL?
410,1649628456000.0,2022-04-10 15:07:36,Top10 MCap: $BTC $42755.00 816B 0.28% $ETH $3275.94 394B 0.95% $USDT $1.00 83B 0.03% $BNB $424.53 72B 0.34% $USDC $1.00 51B 0.12% $SOL $113.10 37B 2.20% $XRP $0.76 37B -0.16% $ADA $1.06 34B 2.24% $LUNA $94.01 33B -1.57% $AVAX $83.69 22B 0.09% #crypto
411,1649628445000.0,2022-04-10 15:07:25,#EverRise  $0.001072 Î” +4.6% ğŸŸ¢ $76.7M Market Cap +4.6% 51076 Hodlrs +0.1%  $0.001053 (#Eth) Î” +4.8% ğŸŸ¢ $0.001141 (#BNB) Î” +3.0% ğŸŸ¢ $0.001055 (#Polygon) Î” +5.2% ğŸŸ¢ $0.001064 (#Ftm) Î” +7.1% ğŸŸ¢ $0.001039 (#Avax) Î” +3.5% ğŸŸ¢  ğŸ” $44.0M Staked TVL  $7.8M LP $2.0M Buyback  https://t.co/Rx7VORbmH3
412,1649628419000.0,2022-04-10 15:06:59,@BSCGemsAlert @binance #PlatanasoTurkey ğŸ‡¹ğŸ‡·ğŸ¥³ğŸª™ Buy Now ğŸ¥³ğŸª™â³ğŸŒğŸŒ Coming Soon COÄ°NGECKO â³âœ… and COÄ°NMARKETCAP â³âœ…  #Huobi #platanaso #platanaso100x #PlatanasoTurkey ğŸ‡¹ğŸ‡·ğŸŒ #platanaso #platanasoburn  #Solana #ElonMusk #SHINJA #Ceek #KuCoin #Huobi #DOJOSWAP #Gateio #AVAX #BNB
413,1649628413000.0,2022-04-10 15:06:53,ğŸ” chikn No.9101 - common - 23 kg - sold for 29.00 #AVAX! ğŸ¥š  Twitter: @chikn_nft Community Chat:  https://t.co/7uXXalYewy Marketplace Listing:  https://t.co/s8LfevvYvA Transaction:  https://t.co/4opetv8SBn  https://t.co/yKv7wi799T
414,1649628398000.0,2022-04-10 15:06:38,@givefranksumluv Sell it for AVAX and head over to @chikn_nft
415,1649628396000.0,2022-04-10 15:06:36,"Digits DAO is an established Faas project on the AVAX network.  It was brought to my attention last week they have been left off my list.  @alpinestar17 and I couldn't connect for treasury numbers today, their performance will be tracked going forward"
416,1649628386000.0,2022-04-10 15:06:26,$AVAX $MATIC æ–°è¦ãƒ­ãƒ³ã‚°
417,1649628385000.0,2022-04-10 15:06:25,$AVAX~Earnings reports today before the markets open......  https://t.co/mGACiVfLdh
418,1649628375000.0,2022-04-10 15:06:15,"Swing ğŸš¥  $BTC ğŸŸ¡ $42,621.80 $ETH ğŸŸ¢ $3,271.31 $BNB ğŸŸ¡ $424.00 $USDC ğŸŸ¡ $1.00 $SOL ğŸŸ¡ $112.99 $XRP ğŸŸ¡ $0.76 $ADA ğŸŸ¡ $1.06 $LUNA ğŸŸ¡ $93.80 $AVAX ğŸŸ¡ $83.56 $DOGE ğŸŸ¢ $0.15   https://t.co/xzqH6LyCnS"
419,1649628342000.0,2022-04-10 15:05:42,@market_spotter $BTC $ETH $CRO $AVAX $ADA $MATIC $SAND
420,1649628322000.0,2022-04-10 15:05:22,@Bitso Espero que sea solana! Luego luna y avax
421,1649628314000.0,2022-04-10 15:05:14,#SmartDeFi is the peopleâ€™s bank ğŸ’ DYOR #FEG #DeFi #crypto #blockchain #HODL #passiveincome #CryptocurrencyNews  #BNBchain #ETH #AVAX #100xgem
422,1649628311000.0,2022-04-10 15:05:11,@jay0nez I only claim Avax rewards at 4am. Lol. Between 11pm and 4am cst is when they are cheaper for me.
423,1649628304000.0,2022-04-10 15:05:04,Tight stops on avax longs if this breaks the lows I'm out
424,1649628295000.0,2022-04-10 15:04:55,1. Mint Frog 2. Stake Frog 3. Earn $SPAWN 4. Enter lotto pools 5. WIN?  $SPAWN presale in 3 days!  $AVAX Frogs launch in 10 days!  The Frogs are taking over!  https://t.co/1lG5enh8lB
425,1649628280000.0,2022-04-10 15:04:40,"$AVAX is always a good investment but specially April since after @Grayscale, the $Luna Foundation Guard (LFG) and Terraform Labs (TFL), both organizations supporting the Terra blockchain, announced they had collectively acquired $200 million worth of Avalancheâ€™s #AVAX  tokens.  https://t.co/BNjQwue3Yu"
426,1649628279000.0,2022-04-10 15:04:39,longs 8 0 (-5) $btc Small profit 5 (+3) $avax   Shorts 15 15 $eth
427,1649628260000.0,2022-04-10 15:04:20,$knc continuing its monster mission!! Dips are for buying.  ğŸš€ğŸ§²ğŸ¦¬ #btc $btc $eth $xyo $atom $xyo $link $high $ape $alcx $jasmy $asm $suku $shping $trb $dot  $avax $Luna $imx $ogn $icp $lrc $crv $bond $algo $enj $sol $aave  https://t.co/hY1AFCuUQy
428,1649628236000.0,2022-04-10 15:03:56,avax gas prices are fucked
429,1649628232000.0,2022-04-10 15:03:52,"Price analysis 4/8: BTC, ETH, BNB, SOL, XRP, ADA, LUNA, AVAX, DOT, DOGE  https://t.co/IfriNZLhi8"
430,1649628232000.0,2022-04-10 15:03:52,@Meta_UFO #DOGE #Clockx24 #avax
431,1649628217000.0,2022-04-10 15:03:37,ğŸŒŠ Time to vote ends in 13hrs ğŸŒŠ  Our first vote is ending in 13hrs. Please join and vote on our Discord.  https://t.co/I78Bh7C01x  Someone who vote might get a WL spot. ğŸ‘€  #AVAX #AVAXNFT #NFT
432,1649628182000.0,2022-04-10 15:03:02,@CryptoA40672341 $AVAX ?
433,1649628176000.0,2022-04-10 15:02:56,Registration is closed ğŸ”’  Sale starts tomorrow @AvalaunchApp   $BPT $XAVA $AVAX
434,1649628143000.0,2022-04-10 15:02:23,#EverRise  $0.001073 Î” +4.8% ğŸŸ¢ $76.8M Market Cap +4.8% 51074 Hodlrs +0.1%  $0.001051 (#Eth) Î” +4.6% ğŸŸ¢ $0.001142 (#BNB) Î” +3.2% ğŸŸ¢ $0.001057 (#Polygon) Î” +5.4% ğŸŸ¢ $0.001069 (#Ftm) Î” +7.6% ğŸŸ¢ $0.001040 (#Avax) Î” +3.7% ğŸŸ¢  ğŸ” $44.1M Staked TVL  $7.8M LP $2.1M Buyback  https://t.co/Xs9AzXHH4a
435,1649628141000.0,2022-04-10 15:02:21,1/ğŸ™ï¸ Crispy Tuesdays#1  We'll be live on the 12th of april with @itsmissmooji   Let's all have fun for that GRAND PREMIERE starring @playcastlecrush @DRGNCRYPTOGAMIN @NerdHerder_Dani @PodPeopleAVAX @AvascanExplorer @Jomari_P and more!  Link ğŸ‘‡   #Avalanche #AVAX #Space #GameFi  https://t.co/N0jSPt3Cyg
436,1649628131000.0,2022-04-10 15:02:11,@rainascrdl @0xHerrCooles @avax @deandini_n @marsela05 @Inardhenaaa_
437,1649628123000.0,2022-04-10 15:02:03,GN #AVAX fam!!
438,1649628089000.0,2022-04-10 15:01:29,"Our #Cryptocurrency portfolio now consists of buy signals in #Doge, #Uniswap, #Chainlink and #Litecoin and sell signals for #BNB, #Solana, #Cardano, #PolkaDot, #Luna, and #AVAX"
439,1649628083000.0,2022-04-10 15:01:23,"it's like in a future movie. We come from the future and tell everyone #Avalanche is the right decision. But no matter what you do, they don't see it. not yet ! #Avax #DeFi #GameFi #Core"
440,1649628060000.0,2022-04-10 15:01:00,âœ… ğ—šğ—²ğ—»ğŸ¬ ğ— ğ—œğ—¡ğ—§ ğ—¶ğ˜€ ğ—¹ğ—¶ğ˜ƒğ—² â¡  https://t.co/av2o4RySmR  Check out the last youtube live of @JamesPelton18 about the mint ğŸ‘‡   https://t.co/QwlRVFRM8f  #NFT #P2E #R2E #RisktoEarn #AVAX #Avalanche
441,1649628049000.0,2022-04-10 15:00:49,@MyNameWasInUse_ I bet #wxt is a solution to 90 per cent of your problems #AVAX #Avalanche @nereusfinance #DeFi  #defiyield #Bitcoin  https://t.co/qhbYeWy1gz
442,1649628047000.0,2022-04-10 15:00:47,"Avalanche - AVAX Price: $83.97 Change in 1h: -0.86457225% Market cap: $22,528,588,191.94 Ranking: 10 #Avalanche #AVAX"
443,1649628030000.0,2022-04-10 15:00:30,@DreamProtocols @Resatsofuoglu @LlamascapeNFT @SerNimazaki @OFG95 @avax_collector @NftSeda
444,1649628022000.0,2022-04-10 15:00:22,one of the best feelings is to get filled on literally the cent $AVAX  https://t.co/urFF3zzm6a
445,1649628021000.0,2022-04-10 15:00:21,Caption Contest of our Legendary Oprahâ—ï¸  2 $AVAX to the winner   - Comment below your caption - QT your comment with #APAgals and tag @apa_nft  - Winner will be announced on Friday - Enjoy!   #Avalanche #NFT  https://t.co/gsQBSpY3tp
446,1649628019000.0,2022-04-10 15:00:19,@Avax_News @polar_nodes Done @Egfuwa782344 @GangaSwamy10
447,1649628015000.0,2022-04-10 15:00:15,â° 01:00   ğŸ¥‡ #AVAX = 83.94 $  #avaxusd #avaxusdt #btc
448,1649628010000.0,2022-04-10 15:00:10,#EverRise $RISE #EverRiseV3 #EverRiseEDU #DeFi #Crypto #Cryptocurrency #NFT #AVAX #FTM #EverRiseNFTStakingLab #EverSwap #BNB #Altcoin #cryptotwitter  https://t.co/p6iaRYEmlV
449,1649628010000.0,2022-04-10 15:00:10,@NFTPROMOTURK @Resatsofuoglu @CatySociety @ClinicNFT @OFG95 @avax_collector @NftSeda
450,1649628003000.0,2022-04-10 15:00:03,ğŸŸ© $BTC: 42707.72 USD ğŸŸ© $ETH: 3270.99 USD ğŸŸ© $BNB: 423.86 USD ğŸŸ© $SOL: 112.77 USD ğŸŸ© $XRP: 0.761 USD ğŸŸ© $ADA: 1.06 USD ğŸŸ¥ $LUNA: 93.90 USD ğŸŸ© $AVAX: 83.55 USD   #Crypto #Bitcoin
451,1649628002000.0,2022-04-10 15:00:02,$ETH: $2.38 - $26.04      $SOL: $0.00057         #SolanaNFTS: $0.91 - $4.22      $AVAX: $0.08      $FTM: $0.0046      $MATIC: $0.02      $BTC: $0.66      $XRP: 0.00000828      $XLM: $0.00000200      $ALGO: $0.0800
452,1649628002000.0,2022-04-10 15:00:02,#Luna $94.52  $Luna #Avax $83.93  $Avax #Sol $113.58  $Sol
453,1649628001000.0,2022-04-10 15:00:01,#avax #avaxusdt #avaxusdtperp #kripto #coin #crypto  dÃ¼ÅŸen kÄ±rÄ±lÄ±mÄ± henÃ¼z gerÃ§ekleÅŸmemiÅŸ kÄ±smi yÃ¼kseliÅŸlerle dÃ¼ÅŸÃ¼ÅŸ devam ediyor.  https://t.co/V0vImxLuPO
454,1649627998000.0,2022-04-10 14:59:58,@sneakerheadsoff @Resatsofuoglu @OFG95 @avax_collector @NftSeda
455,1649627954000.0,2022-04-10 14:59:14,@SHINRAMEN_eth @Resatsofuoglu @LonelyLegendNFT @OFG95 @avax_collector @NftSeda
456,1649627953000.0,2022-04-10 14:59:13,@avax_art HelloğŸ”ºï¸
457,1649627943000.0,2022-04-10 14:59:03,(Last 24h) Top &amp; Flop: 40 Cryptos To Watch | April 10   https://t.co/8666tSTdvE  $BTC $ETH $BNB $XRP $LUNA $ADA $SOL $AVAX $DOT $DOGE $SHIB $MATIC $CRO $ATOM $LTC $LINK $BCH $ALGO $XLM $MANA $ETC $SAND $FTM $AXS $DASH $APE  #crypto #bitcoin #btc #Ethereum #eth
458,1649627941000.0,2022-04-10 14:59:01,@iakimihyb @Resatsofuoglu @solanaowls @OFG95 @avax_collector @NftSeda
459,1649627938000.0,2022-04-10 14:58:58,KORKUYU SATIN ALLLLLLLLLLLLLLLLLLLLLLL SUNU UYARILARIMMMMMMMMMMMM!!! #bitcoin #AVAX #Solana #metaverse #Ethereum #shiba #dogecoin #sand #mana #mina #raca #SONDAKÄ°KA
460,1649627931000.0,2022-04-10 14:58:51,"97 dolardan avax almÄ±ÅŸtÄ±m, 83 dolara dÃ¼ÅŸmÃ¼ÅŸ. Derdimiz yokmuÅŸ gibi bi de buna Ã¼zÃ¼lelim ÅŸimdi."
461,1649627920000.0,2022-04-10 14:58:40,@ELIOSPEED what? are u kidding what luna or sol or avax? its only can be compare with ethereum jezz
462,1649627913000.0,2022-04-10 14:58:33,@MetaRarityNFT @Resatsofuoglu @RippedbullCClub @OFG95 @avax_collector @NftSeda
463,1649627904000.0,2022-04-10 14:58:24,Ftx Tr den 100 tl kazanmak iÃ§in referansÄ±mla Ã¼ye olabilirsiniz. ReferansÄ±mla Ã¼ye olan bir kiÅŸiye 100 TL de ben gÃ¶ndereceÄŸim. #avax #ftxtr #ftxtrderamazan    https://t.co/O4eTT2bVF9
464,1649627901000.0,2022-04-10 14:58:21,@RoborovskiNFT @Resatsofuoglu @fuzzy_fighters @OFG95 @avax_collector @NftSeda
465,1649627883000.0,2022-04-10 14:58:03,@DopeOxide @Resatsofuoglu @Puffy_Planet @OFG95 @avax_collector @NftSeda
466,1649627868000.0,2022-04-10 14:57:48,#Btc #Ada #Xtz @Ethereum #Avax #Xrp #Dot #Solana  #Algorand #ALGO | #SmartContracts #FutureFi #DeFi #GreenCrypto ICYMI:   #ğ—•ğ—¹ğ—¼ğ—°ğ—¸ğ—°ğ—µğ—®ğ—¶ğ—» ğ——ğ—²ğ˜ƒğ—²ğ—¹ğ—¼ğ—½ğ—²ğ—¿ğ˜€:  @AlgoFoundation @WomenWhoCode
467,1649627865000.0,2022-04-10 14:57:45,@eth_ari @sobylife That damn satsdart killed avax!
468,1649627859000.0,2022-04-10 14:57:39,@IDOHunting @Resatsofuoglu @MidasCronos @OFG95 @avax_collector @NftSeda
469,1649627854000.0,2022-04-10 14:57:34,@sobylife Whatâ€™s the usage like on Avax. Usually youâ€™ll never have problems if itâ€™s lightly used. If it can handle the same usage as eth thatâ€™s bullish af
470,1649627841000.0,2022-04-10 14:57:21,#EverRise  $0.001075 Î” +5.3% ğŸŸ¢ $77.0M Market Cap +5.3% 51074 Hodlrs +0.1%  $0.001051 (#Eth) Î” +5.0% ğŸŸ¢ $0.001144 (#BNB) Î” +3.6% ğŸŸ¢ $0.001057 (#Polygon) Î” +5.8% ğŸŸ¢ $0.001071 (#Ftm) Î” +8.4% ğŸŸ¢ $0.001044 (#Avax) Î” +4.1% ğŸŸ¢  ğŸ” $44.1M Staked TVL  $7.8M LP $2.1M Buyback  https://t.co/UGDBD2UV9s
471,1649627839000.0,2022-04-10 14:57:19,@sol_nfts @Resatsofuoglu @goatelves @OFG95 @avax_collector @NftSeda
472,1649627819000.0,2022-04-10 14:56:59,@GenieGenesisNFT @Resatsofuoglu @OFG95 @avax_collector @NftSeda
473,1649627811000.0,2022-04-10 14:56:51,@shinobibunnynft @Resatsofuoglu @OFG95 @avax_collector @NftSeda
474,1649627800000.0,2022-04-10 14:56:40,@rainascrdl @0xHerrCooles @avax I love â¤ #Giveaway â¤ @AdamZak1215862  @Antlyons1 @itsDoxa @AliAlwah @Nhepo_NFT @mattytradesOG @denyss_dan
475,1649627791000.0,2022-04-10 14:56:31,@invert_apes @Resatsofuoglu @MagicEden @OFG95 @avax_collector @NftSeda
476,1649627787000.0,2022-04-10 14:56:27,$ADC is now Launched ! Chart is strong ! Marketing and Buyback coming !  https://t.co/Va8ofqCeO8 #avax #crypto #btc #giveaway  https://t.co/HzivW1n7kD
477,1649627782000.0,2022-04-10 14:56:22,@CryptoA40672341 My mentor love you so much sold my Sol and Avax waiting for you to tell when to buy thanks for everything
478,1649627769000.0,2022-04-10 14:56:09,@SpaceApesEmpire @Resatsofuoglu @DahlysArt @OFG95 @avax_collector @NftSeda
479,1649627764000.0,2022-04-10 14:56:04,@MrWonderland21 @CloudHeadzNft You did something awesome for awesome people. Avax Fam!
480,1649627757000.0,2022-04-10 14:55:57,@0xc06 @Resatsofuoglu @HeroesOnAvax @OFG95 @avax_collector @NftSeda
481,1649627751000.0,2022-04-10 14:55:51,@StovenLabs The aliens approve ğŸ‘½ğŸ‘¾ #gamefi #avax
482,1649627747000.0,2022-04-10 14:55:47,@0xc06 @Resatsofuoglu @circles_nft @OFG95 @avax_collector @NftSeda
483,1649627738000.0,2022-04-10 14:55:38,"@laverdude Does this mean that the ROOSTRs purchased with egg are determined by how much more egg you can spend on them during the game, but the ROOSTRs minted with Avax during public launch will be completely random and you canâ€™t â€˜influenceâ€™ how good a Roostr you receive?"
484,1649627737000.0,2022-04-10 14:55:37,Which ones do you hodl?  $VPAD $BTC  $BNB  $ETH  $VET $XRP  $CRO $KASTA $AVAX $SHIB $DOGE  $ADA  $MCRT $MATIC $SAND  $MANA  ğŸ‘‡ğŸ¼ ğŸ‘‡ğŸ¼ ğŸ‘‡ğŸ¼
485,1649627736000.0,2022-04-10 14:55:36,@solgiveaways @Resatsofuoglu @MukapotNFT @OFG95 @avax_collector @NftSeda
486,1649627735000.0,2022-04-10 14:55:35,@sobylife yes you do: every time a big node project launches on avax it causes problems. last time i whitnessed it was with @RLNodeDistrict
487,1649627732000.0,2022-04-10 14:55:32,@BNBCHAIN #AVAX #Ethereum #NEARUSDT
488,1649627728000.0,2022-04-10 14:55:28,@crypt_engineer #AVAX Tabiki
489,1649627715000.0,2022-04-10 14:55:15,@koolk123456 @Resatsofuoglu @ZenjinViperz @Hubsol2 @OFG95 @avax_collector @NftSeda
490,1649627714000.0,2022-04-10 14:55:14,"BTC: $43,036.78(-$176.83, -0.41%) ETH: $3,282.30(-$5.98, -0.18%) USDT: $1 BNB: $426.32(-$1.41, -0.33%) USDC: $1 SOL: $113.83(-$0.95, -0.83%) XRP: $0.77($0.00, -0.51%) ADA: $1.06($0.00, -0.05%) LUNA: $94.71(-$1.00, -1.05%) AVAX: $84.25(-$0.49, -0.58%)"
491,1649627702000.0,2022-04-10 14:55:02,@CoinMercegim @Resatsofuoglu @bona_parks @OFG95 @avax_collector @NftSeda
492,1649627691000.0,2022-04-10 14:54:51,olasiliklar uzerine fikir beyan eden teknik analizcilerin istisnasiz hepsi modern Ã¼fÃ¼rÃ¼kÃ§Ã¼. oraya sacma sapan iki tane cizgi cekmesen sanki o bolgeye gelmeyecek.  #btc #avax
493,1649627674000.0,2022-04-10 14:54:34,OVERSOLD    - AVAX/USDT  Price:83.96000   Bollinger Bands ALERTS FifteenMinutes   Bollinger Bands Calculation: -8.35601  #BTC #BNBBULLUSDT #Bitcoin #RSÄ° #Bollinger -It is not investment advice. You can visit our profile for your own alarms. YTD. 12:54:10 AM
494,1649627668000.0,2022-04-10 14:54:28,@DesArtsNFT @Resatsofuoglu @OFG95 @avax_collector @NftSeda
495,1649627661000.0,2022-04-10 14:54:21,@SolanartNFT @Resatsofuoglu @ChimpFightGame @OFG95 @avax_collector @NftSeda
496,1649627658000.0,2022-04-10 14:54:18,"ğŸ›¸ Unfungible flying objects are NOT NASA, a community-run creative studio which enables creativites &amp; consumers alike to shape the art we interact with and freely inovate.  ğŸ–¼ï¸  https://t.co/DNRZ8gmfgb  #ETH $ETH #Ethereum #Crypto #SOL #Avax #Tezos #Tron #BNB #Bitcoin #Solana #BTC  https://t.co/YcwvpLjseK"
497,1649627646000.0,2022-04-10 14:54:06,OVERSOLD    - AVAX/USDT  Price:83.96000   Bollinger Bands ALERTS FifteenMinutes   Bollinger Bands Calculation: -8.35601  #BTC #BLZETH #Bitcoin #RSÄ° #Bollinger -It is not investment advice. You can visit our profile for your own alarms. YTD. 12:53:41 AM
498,1649627646000.0,2022-04-10 14:54:06,OVERSOLD    - AVAX/USDT  Price:83.96000   Bollinger Bands ALERTS FifteenMinutes   Bollinger Bands Calculation: -8.35601  #BTC #BLZETH #Bitcoin #RSÄ° #Bollinger -It is not investment advice. You can visit our profile for your own alarms. YTD. 12:53:41 AM
499,1649627626000.0,2022-04-10 14:53:46,"@hakoi_ta Hakan hocam bunun gibi bitanesi yÃ¼zÃ¼nden avax da ben 3k kaybettim ama dedigim adamÄ±n grubunda 25k USD kaybedenler oldu adam bize 75  den avax short aÃ§tÄ±rdÄ±, gÃ¶zÃ¼nÃ¼ sevem, seni ve Ahmet beyi takibe baÅŸladÄ±ÄŸÄ±mdan beri benim Ã§akralar aÃ§Ä±ldÄ±, ğŸ™ğŸ™ğŸ™ğŸ™"
