,created_at,date,tweet
0,1649635199000.0,2022-04-10 16:59:59,"@alisyarief Yg ada nnti  justru pengumuman Reshufle kabinet,dan dia bagian drinitu ,mafia dilawanğŸ˜‚"
1,1649635198000.0,2022-04-10 16:59:58,Ga ada yg ngucapin ğŸ˜  https://t.co/0VHbc4kAhd
2,1649635197000.0,2022-04-10 16:59:57,@namakutomat sama sama:D  kalo xiao sama venti aku gatau tpi seingetku ada yg bilang pas xiao sekarat venti ngebantuin(?) aku lupaaa
3,1649635197000.0,2022-04-10 16:59:57,Lucu bgt ada kupingnya  https://t.co/2LQaEm7JAZ
4,1649635197000.0,2022-04-10 16:59:57,"@18fesss Daridulu emang orang pacaran mah begitu, bedanya jaman dulu belom ada internet dan Twitter"
5,1649635197000.0,2022-04-10 16:59:57,sinb gak ada lawanğŸ¤ª
6,1649635194000.0,2022-04-10 16:59:54,"dari rekomendasi, trus kalo gua ada niat nonton ya gas kalo gaada niat y gajadi ditonton"
7,1649635194000.0,2022-04-10 16:59:54,@XtremeMerch apakah ada yang pernah main mig33  https://t.co/EH1UWJYaq4
8,1649635193000.0,2022-04-10 16:59:53,kaka gua bawa motor gainget ada rem alias gas mlu bangsat kenceng bgt
9,1649635192000.0,2022-04-10 16:59:52,Bersikaplah suka2. Manusia jg ada batasnya. Tau2 ilang..
10,1649635191000.0,2022-04-10 16:59:51,@haechanconfess kmrn aku dapet 75k nder mana pas nyampe baru sadar ada damage :â€)
11,1649635191000.0,2022-04-10 16:59:51,"Aku hari ini ada praktek micro,,,,,,, udh siap malah diganti hariğŸ¥²"
12,1649635190000.0,2022-04-10 16:59:50,@ssunooya Barter yuk kak aku punya japan online asa sama hape jadoel ada tiga wkakakakakak oiya sama supra x kak wkwkwkwk
13,1649635189000.0,2022-04-10 16:59:49,"Ah monyet, kalo lagi ada orderan jangan accept gojek dong. Gue kayak gini nungguin dulu padahal harusnya ga telat berangkat jadi telat berangkat kerja."
14,1649635189000.0,2022-04-10 16:59:49,"@tvOneNews @DivHumas_Polri intel nya udah di siapin skenario buat provokasi belum !! nanti ada orang tua yang di bayar buat bawa batu, terus ada warung nya di malingin dengan sosok yang sama."
15,1649635188000.0,2022-04-10 16:59:48,"Shopee express ni ape masalah. Setiap hari dari 7hb dia out for delivery, tp tak sampai sampai, ada je asalan.  https://t.co/Q6h4FyJhfC"
16,1649635188000.0,2022-04-10 16:59:48,"Bisa jadi ada kemungkinan ini, buat narik investor lagi. Investor kan seneng tu ada kenaikan traffic sama melihat ekspansi bisnis yang terlihat berkembang. Atau bener bener mau ngembangin JKT, tapi agaknya terlalu naif untuk suatu media yang makan dari traffic"
17,1649635186000.0,2022-04-10 16:59:46,@cipakyuu semoga ada
18,1649635186000.0,2022-04-10 16:59:46,"Mahasiswa jgn belajar aja. Gw belajar doank aja masih ga lulus satu matkul. Telatnya sampe 2 tahun wkwk. Kemarenan pas kuliah belon ada demo, klo ada pasti gw ikut ğŸ˜klo ada yg ngajak."
19,1649635185000.0,2022-04-10 16:59:45,"Sampe diluar pelanginya bagus banget, pas mau kita foto eh ada orang ngalingin dr atap rumah. Malah motret kita. Uda kesel tu.. Trus itu org bilang ""hayo, ini tante ima lo.. mau marah?"" Hmm.."
20,1649635185000.0,2022-04-10 16:59:45,"@ikramalhabib5 @AnakBatakMelayu Gak pernahğŸ¤£ soalnya kalau duit di tangan cuma buat belanja dapur, kalau duit jajan ga pernah ditangan pasti abis wkwk, kan kalau COD musti ada duit cash, kalau gada kan bisa aja ga jdi beli kalau di tunda2, salah satu trik meredam nafsu keinginan wkwkw"
21,1649635184000.0,2022-04-10 16:59:44,SEANDAINYA gwa buka booth di Comifuro ada yg punya saran gwa harus bikin/jual apa? Dari dulu ke cf cuman khilaf doang soalnya kalo ada kesempatan buka booth pengen coba.
22,1649635184000.0,2022-04-10 16:59:44,*DULU ADA capek
23,1649635184000.0,2022-04-10 16:59:44,"Ada yg permisiÂ² depan rumah, tp kuintip dr jendela ternyata tukang stiker PSIS. 2 org gede, 2 anak kecil yg jualan. Kesel kalo g dibukaÂ²in pintu, dia tempel tu sticker di mobil aku, dr jendela aku plototin 4 org tu.. (mikir knp g aku foto aja)"
24,1649635183000.0,2022-04-10 16:59:43,"Kuroshitsuji belum lanjut lagi gomen. Bukan drop, cma mager. Terus ada beberapa rekomendasi dri kk chloe mau ku tonton pake banget tpi abis ujian mungkin."
25,1649635182000.0,2022-04-10 16:59:42,@XtremeMerch Ada yang tau? Wkakaakk  https://t.co/YfdS1ZN3Pb
26,1649635182000.0,2022-04-10 16:59:42,Satunya ada yg dr gue
27,1649635181000.0,2022-04-10 16:59:41,@zx_janu Yekaliii ada manusia geprekğŸ˜„
28,1649635180000.0,2022-04-10 16:59:40,"@Askrlfess Gak ada, orang sama aja kok haha."
29,1649635179000.0,2022-04-10 16:59:39,@JktfootballN Ini org ada dendam apa sih sma persija ğŸ˜‘
30,1649635179000.0,2022-04-10 16:59:39,"@manalu_maruli @RamliRizal Kebolak bodong...justru di rezim sekarang ini bejibun mafia, jokowi kembali memimpin dijamin rambah ancoooor, makanya sadar diri lah rakyat sdh pada menjerit, gentle dong kalau gagal segera mundur teratur, tapi mundurnya hati2 krn dibelakngnya ada gorong gorong"
31,1649635178000.0,2022-04-10 16:59:38,"@tradingforlyf Ada lagi nih, yg lebih lancang lagi ada yg mau ngambil tabungan emak gue di PKK. Bayangin aja, tabungan loh ini... Tabungan! gilak gak tuh? Dan sekali lagi GAK ijin ke emak gue kalo mau ngambil. (9)"
32,1649635177000.0,2022-04-10 16:59:37,"Pas pertama pakai malah temen gue kayak, â€œIni daritadi ada aroma biskuit roma kelapa darimana sih?â€ Gue bingung awalnya, taunya rambut gue."
33,1649635177000.0,2022-04-10 16:59:37,@rackwonz haii ada haewon no 6 kak  https://t.co/KmPjBTRJ5H
34,1649635176000.0,2022-04-10 16:59:36,"US tak pernah baik, Bush kata Iraq ada simpan nuklear, tapi takde pun. Dia tipu. Ada Veteran Perang yang sekarang ni aktif pegi mana2 tempat Bush ada suruh dia minta maaf."
35,1649635176000.0,2022-04-10 16:59:36,@dkristanti777 ada kok.... di hati mu ğŸ˜ğŸ˜ğŸ˜
36,1649635175000.0,2022-04-10 16:59:35,@sellkpopdata halo sender aku ada nih pc lemonilo renjun sama jeno siapa tau minat
37,1649635175000.0,2022-04-10 16:59:35,Karena buktinya temen gw bisa berlangganan weverse Treasure tapi saldo ATM nya 5.000 doang ğŸ¤¡ Nah kan mereka terbiasa menyimpan uang dalam bentuk cash kan kalau gak ada keperluan malas ke bank ğŸ¤¡
38,1649635175000.0,2022-04-10 16:59:35,"@nuffyyws_ @schfess nonton video berbahasa inggris atau baca-baca yg bahasa inggris juga. pengalaman aku sendiri, kalo baca teks inggris trs ada kata yg aku ga ngerti itu kan otomatis aku nyari artinya tuh, jadi nambah deh kosakata yg kita tau"
39,1649635175000.0,2022-04-10 16:59:35,"Jujur pas day 2 aku lihat lumayan ada aja yg sliwar sliwer bawa bunga. Kukira mau dibagiin ke sesama army, atau buat foto-foto aja, tapi trnyata dilempar ke bangtan. Kasian kalau kena muka apalagi kalah pas nyanyi ğŸ˜©"
40,1649635175000.0,2022-04-10 16:59:35,@convomf kalo ga ada yaa minimal banyak uang lah
41,1649635173000.0,2022-04-10 16:59:33,@luvchulsoo ada org ckp takleh buat online purchase dkt shopee? ntahla betul ke tak
42,1649635173000.0,2022-04-10 16:59:33,#Markets #Cardano 3.41 million Cardano addresses reportedly red as ADA price continues to fall towards the $1 level  https://t.co/YMI12t5aFo Buy BTC:  https://t.co/NvvKJPmPAy  https://t.co/KJk6MdxsBm
43,1649635173000.0,2022-04-10 16:59:33,@convomf Njs gak ada chat uwu yg bisa gue skrinsut ğŸ˜
44,1649635172000.0,2022-04-10 16:59:32,@tanyakanrl Dulu pas jaman blm ada watsap komunikasinya gimana? Kek misal janjian mau nongki atau bukber gitu
45,1649635171000.0,2022-04-10 16:59:31,@armyfess_ ga akan jd army kalo ga ada covid
46,1649635170000.0,2022-04-10 16:59:30,"Hari sabtu masi ada, Hari Ahad cekÂ² da hilang da 2 biji ğŸ¤¦  Alahai ğŸ¤¦,mnta izin dlu knun sblm ambil  https://t.co/GzqOuPELmL"
47,1649635168000.0,2022-04-10 16:59:28,"Cakep amat mv hati-hati di jalan bikin keinget atlantisnya seafret soalnya ada bulubulublu,  trus ternyata warna abu sama kuningnya itu garam-asam??? LucuuğŸ¥²ğŸ¥²"
48,1649635168000.0,2022-04-10 16:59:28,"Kalo yg cwo ketauan naksir duluan dan malu buat deketin, cara ini dijamin berhasil. Tapiiii tidak berlaku untuk kita yg hanya naksir sepihak dan nekat, apalagi yg cuma nebak2 si doi nih ada rasa gak yaa. But, congrats kak buat hubungannya, ikutan seneng.."
49,1649635167000.0,2022-04-10 16:59:27,@Kimberley20101 Klo bukan jokowi dia ngga ada gunanya...ğŸ˜¬
50,1649635167000.0,2022-04-10 16:59:27,@AlDeposesif Al juga udah ada kartu keluarga kan   berarti reyna udah ada akta kelahiran  n juga ad surat sah dr panti juga
51,1649635167000.0,2022-04-10 16:59:27,@sehrl0ck Ada yg bales alasan kenapa scene begini begitu ya kan namanya base twmpat nanya jg gak sih selagi bukan nanya diluar mcu ya oke ajağŸ˜­ knp deh
52,1649635167000.0,2022-04-10 16:59:27,@RacunBelanja Ada yg bisa minjemin 6jt ga ya nanti ak balikin ya ampun ga ada modal buat garap ReksadanağŸ˜­ğŸ˜­ mayan lebaraaan
53,1649635166000.0,2022-04-10 16:59:26,@Unikece_tatata @RacunBelanja Pake grabday tiap senin ada tarif flat 3rb
54,1649635166000.0,2022-04-10 16:59:26,"Ini salah apa dah gua sama Instagram, masa cuma ngelike reels sama postingan orang bisa muncul ginian ??? Ada yang tahu gak ini kenapa ????  https://t.co/X31LsmPIx4"
55,1649635165000.0,2022-04-10 16:59:25,seragam sekolah ak tuh dua ada osis dll tp sekarang jd cuma dua kotak kotak sm batik sekolah jd ganti gantian doang anjir bosen bgt jjur
56,1649635164000.0,2022-04-10 16:59:24,"tiap hr yg nyeret jg ada trs, bahkan bbrp org yg sama..."
57,1649635164000.0,2022-04-10 16:59:24,"Mari kita do'a kan kepada seluruh Wakil rakyat , Pejabat Dll supaya bisa MEMBERANTAS KEMISKINAN yang ada Di negara tercinta ,, #INDONESIA (y)"
58,1649635163000.0,2022-04-10 16:59:23,@infotwitwor_ ada yg jual netflix ?
59,1649635163000.0,2022-04-10 16:59:23,"â € â €  â € â € â €â € #âƒŸHWANğŸ®ğŸ© Akhirnya musim semi datang juga. Playlist yang cocok buat nemenin kamu di saat bunga-bunga mulai bermekaran. Di dengerin ya, guys? Sembari nunggu konser kemaren kan, gak ada salahnya dengerin ini dulu?"
60,1649635163000.0,2022-04-10 16:59:23,"done sampai opis, pepatah melayu ada mengatakan ""mai awai, balik awai"""
61,1649635163000.0,2022-04-10 16:59:23,@AltcoinDailyio @IOHK_Charles I'll take the ADA please ğŸ™‹ğŸ¾â€â™‚ï¸
62,1649635162000.0,2022-04-10 16:59:22,"@sceneryi_ Mon maap saya sempat hilang ya om, saya baru on dam menyelam ahaha  Bagus apanya, yang ada mlepuh"
63,1649635162000.0,2022-04-10 16:59:22,"pantes gw tadi pagi ngerasa udh disuruh bangun sm Tuhan, ternyata gw lupa pagi ada ive di radio ğŸ˜­ğŸ˜­"
64,1649635161000.0,2022-04-10 16:59:21,"@rueIlia Ada info gak, lagi cari domain yang sering drop goblet anemo substat cdmg. ğŸ˜”"
65,1649635161000.0,2022-04-10 16:59:21,kalu aku jaga gate pagi gak skmo budk ada masalah . lepastu aku kena blame . sumpah benci .
66,1649635161000.0,2022-04-10 16:59:21,Ha iya gw lupa ada squid game ğŸ˜¹
67,1649635161000.0,2022-04-10 16:59:21,"@sisilyaarianti Wkwkwk.. hati2 Modus, akun fake... pasti awal2nya minta TF dulu bwt Dp.. hbis ngilang.. wkwkwkwk...ğŸ¤£ğŸ¤£  Dan lagi pula, emng hari gini masih ada yg doyan VcS..??? Mndingan lngsng cm 350K, itu bisa nego, bnyak lagi.. wkwkwkwkğŸ¤£ğŸ¤£ğŸ¤£  Hati2 gaes.. penipuan bwt dpt cuan"
68,1649635160000.0,2022-04-10 16:59:20,"engga, malah seneng ada yg mau cerita sama gue"
69,1649635160000.0,2022-04-10 16:59:20,"Ada banyak ku jumpai di kalimantan. Rumah nya panggung sederhana tapi punya sarang walet gak cuma satu yg hasil nya sekali panen puluhan sampai ratusan juta,kebun sawit nya berhektar"",mobil nya minimal innova sama fortuner dan masih banyak lagi"
70,1649635159000.0,2022-04-10 16:59:19,@KadrunGoblokPea @hnurwahid @MardaniAliSera @Helmi_Felis @Mdy_Asmara1701 @maspiyuaja Klu dilihat dari tattoo di pipinya kayaknya dia anggota pramuka deh ğŸ¤£ğŸ¤£ğŸ¤£ğŸ¤£ ada tunas kelapanya
71,1649635159000.0,2022-04-10 16:59:19,"ğŸŒŸ Aneka Kurma Barari ğŸŒŸ  Kurmanya enak semua, agak premium menurut aku, ukurannya banyak, dan ada garpu kecilnya segala. Biar makan kurmanya gak blepotan. ğŸ˜„  Kurma cokelat yang ini ğŸ‘‡ğŸ» mesti cobain sih. Beneran endolita, bukan yg aneh gitu.  Beli di sini:  https://t.co/Bwdto9fMtm  https://t.co/yzg7hRLMZ8"
72,1649635158000.0,2022-04-10 16:59:18,"@KalutSan BNK Senpai Gen 3, di YouTube ada, ep 1-15, silahkan ditonton tuk lebih taw perjalanannya dari awal-sekarangğŸ™‡ğŸ»  https://t.co/WSbm68d83l"
73,1649635158000.0,2022-04-10 16:59:18,@xanvder biar u ada kerjaan
74,1649635157000.0,2022-04-10 16:59:17,@sof1azara03 @craftypanda17 Tidak ada twit  https://t.co/ZB5vExOnRZ
75,1649635157000.0,2022-04-10 16:59:17,Birilerinin kaya parÃ§asÄ± diye kÃ¼Ã§Ã¼msediÄŸi bu 20 ada TÃ¼rk egemenliÄŸi altÄ±nda olmasÄ± gereken vatan topraÄŸÄ±dÄ±r. Karasuyu mÃ¼nhasÄ±r ekonomik bÃ¶lge ve kÄ±ta sahanlÄ±ÄŸÄ±na da sahip olduklarÄ± unutulmamalÄ±dÄ±r..  https://t.co/yE6BGMTzZI
76,1649635156000.0,2022-04-10 16:59:16,Semoga ada rezeki ğŸ¤²ğŸ»
77,1649635156000.0,2022-04-10 16:59:16,@Isdhameilany Ada apa nihq
78,1649635154000.0,2022-04-10 16:59:14,"@Afsa47078505 Mana dimana jantung hati saya, jantung hati saya ada di Papua Barat . . . . . . . .  dst"
79,1649635153000.0,2022-04-10 16:59:13,Kok nggak ada peran Mr. Tukul?
80,1649635153000.0,2022-04-10 16:59:13,[bb] kalau wajah asimetris ada cara buat bikin jd simetris ga ya? Sender kadang suka ga PD parah karna wajahnya ga simetris:((  Pict dr google  https://t.co/WpYtnRbJH1
81,1649635152000.0,2022-04-10 16:59:12,"@ohmybeautybank Better serumnya diganti mois atau kl mau tetep pake serum, tambahin mois. Moisturizer masuk ke basic skincare jd wajib ada."
82,1649635152000.0,2022-04-10 16:59:12,"@yudiharahap46 Aku dulu koleksinya majalah gaul, karena ada kpop sama cpopnyağŸ¥²"
83,1649635152000.0,2022-04-10 16:59:12,"bukan cuman PC yg ada kw nya, sleeve juga ğŸ˜£ hati"" guys"
84,1649635150000.0,2022-04-10 16:59:10,@cyfleail setiap weekend harus ada di rumahku yah
85,1649635150000.0,2022-04-10 16:59:10,"Wish me luck buat US hari terahkir hari ini, semoga enggak ada kendala apapun aamiin &lt;3"
86,1649635150000.0,2022-04-10 16:59:10,@sellkpopfess aku ada digipack jihoon ready kamar 135k  wts treasure album ready ina
87,1649635149000.0,2022-04-10 16:59:09,@_favorite_ada Truth
88,1649635149000.0,2022-04-10 16:59:09,@Cindcc @convomf Dia pikir pasar malem ada mandi bola nya ğŸ˜¡
89,1649635149000.0,2022-04-10 16:59:09,@schfess ini ga ada tips jalur langit agama kristen?
90,1649635149000.0,2022-04-10 16:59:09,"@kafiradikalis @PacinoAmy @jokowi Dr partai yg sama yg satu video sebut Brutus si L, yg ini sebut KKN ala mukidi, ada apa gerangan? waspada"
91,1649635148000.0,2022-04-10 16:59:08,mana gue paginya ada tetangga yang meninggal ya Allah takut
92,1649635148000.0,2022-04-10 16:59:08,"@DutchCNFTlover @The_ClayMates My Clays like to keep it WEIRDDğŸ¤™ğŸ¼  Oh and Clay Fam, try the #CNFTGiveaway pinned to my profile!  Only 1 person has actually posted a guess so they be guaranteed to win unless y'all try!  BEST ODDSğŸ†  @The_ClayMates #ClayNation #CNFT #ADA #Cardano @RatsDao #ratsdao #clayfollowclay  https://t.co/cDAeQBUPIO"
93,1649635148000.0,2022-04-10 16:59:08,"Selamat pagi semesta Sugeng enjang sederek sedaya  Buat pengingat sja, Roda itu selalu berputar saudara.  Jika sedang diatas, janganlah menjadi org yg sombong. Jika sedang dibawah, janganlah suka mengeluh. Hidup sewajarnya saja. Karna tak ada yg kekal di dunia ini.  Rahayu ğŸ™ğŸ¼"
94,1649635148000.0,2022-04-10 16:59:08,"AAAA, ini gara gara ada cuplikan dragon warrior lewat di tl fb jdi nostalgic liatnya  Btw husbu jaman bocah yg kedua itu fakir, dia ganteng bngt gk boong  https://t.co/wJ8R4ZbRg0"
95,1649635147000.0,2022-04-10 16:59:07,"Yang namanya sama"" manusianya masak mau selalu bungkam dan di bungkam semestinya sudah waktu sadar Waras bergerak apa lagi tetang kesejahteraanya tidak di jamin isinya cuman kegaduhan keresahan kebohongan publik maka yang namanya manusia punyak akal pikir tanpa ada ngomando gerak"
96,1649635147000.0,2022-04-10 16:59:07,@aespagyeoul Apalagi kalau ada asepnya ya
97,1649635147000.0,2022-04-10 16:59:07,"@subschfess nderr yaampun.. lain kali hatiÂ² yaaaa, liat dl ada luka atau gaaa"
98,1649635147000.0,2022-04-10 16:59:07,"@bweomgyuu Samaa, aku jg ada tugas yg blm dikumpulin pdhl ddnya besok:)"
99,1649635147000.0,2022-04-10 16:59:07,@fifipratiwi232 TerimakasihğŸ¥°  Ada banyak real flowers di siniğŸ’ğŸ’•ğŸ’•
100,1649635146000.0,2022-04-10 16:59:06,@anggatrs Ada yang bahas ui gitu terus pada bahas jembatan teksas nya. ğŸ˜­ğŸ˜­ğŸ˜­
101,1649635145000.0,2022-04-10 16:59:05,JRIT UDAH DUA STASIUN BALIK LAGI PULANG MAU ADA DEMO. This is literally the funniest moment of my life ya Allah ada ada aja. ğŸ˜­
102,1649635144000.0,2022-04-10 16:59:04,@windaul Misi numpang dagangan ya   Aku jual jasa lukis custom di jaket Tote bag tas case hp sepatu harga mulai 100k an aku cuma jual jasa ya ğŸ¤—   Info lengkap ada di bio aku  Bantu rt ya ğŸ¤—  https://t.co/WgvQw8nN1M
103,1649635144000.0,2022-04-10 16:59:04,"Hari Rabu mulai UTS, tapi materi ga ada yg masuk samsekğŸ˜­ğŸ˜­"
104,1649635143000.0,2022-04-10 16:59:03,"Semakin mudah belanja produk ETC Point di Tokopedia. Cek aja, pasti ada yang kamu suka  https://t.co/uciMBUjdou  https://t.co/jpEIkKMqQF"
105,1649635142000.0,2022-04-10 16:59:02,Ape Nation Sale! Ape Nation #8379 sold for 139.0 ADA at  https://t.co/0yfNZ5WzI8   https://t.co/GynSfKf4z8  #apenation #cnft #ada  https://t.co/fsgFMgCXad
106,1649635142000.0,2022-04-10 16:59:02,"@PT_Transjakarta Pagi ini nunggu 7D udah 1 jam gak dateng2,sejak pindah rute ke rambutan nunggunya jadi lama banget, Jumat kemaren nunggu 30 menit baru Dateng, eh muter dulu di rambutan, sampe rambutan langsung disuruh pindah bis depan, lah hari ini nunggu dah 1 jam belum ada juga bis nya, kecewa"
107,1649635142000.0,2022-04-10 16:59:02,The Ape Society Sale! Numa Davies sold for 1733.0 ADA at  https://t.co/imNgZze2hj   https://t.co/bH4SFNlDdg  #theapesociety #cnft #ada  https://t.co/otahmnxo8w
108,1649635142000.0,2022-04-10 16:59:02,senin pagi gue yg tidur-tidur ayam alias tidur - kebangun - tidur - kebangun lgi garaÂ² was-was ini link zoom belum ada hilal  mau bobo lagi takut kebablasan
109,1649635141000.0,2022-04-10 16:59:01,kl suguru ga ada jahitan gue kasih biru  https://t.co/gCZ3YNDcn7
110,1649635140000.0,2022-04-10 16:59:00,Apa bener habis ada razia pagiÂ² ???
111,1649635139000.0,2022-04-10 16:58:59,@schfess ngapain? darining my energy. temen gue byk di twitter ada 900an
112,1649635139000.0,2022-04-10 16:58:59,"disini gw ambil hikmahnya kalau sendal yg putus apakah masih bisa di pakai lagi?, jwbnnya masih, tapi bakalan ada rasa was was putus lagi,  begitu pula dengan hubungan."
113,1649635139000.0,2022-04-10 16:58:59,@Siro_gane Ada di tiktok bang
114,1649635139000.0,2022-04-10 16:58:59,"Rumah gw kunci semua, lampu dimatiin. Seolah2 lagi ga ada d rumah"
115,1649635138000.0,2022-04-10 16:58:58,Semoga ada rejeki hari ini
116,1649635138000.0,2022-04-10 16:58:58,"Ada banyak, tapi terutama karakter-karakter ditf, i just love the way they weite their characters from the istilahnya ""babu orang dewasa"" to their own characters.  And Pandora Hearts's  And Phosphophyllite from good to cursed"
117,1649635137000.0,2022-04-10 16:58:57,lagi enaÂ² berak tiba-tiba ada biawakğŸ˜­ğŸ˜­ğŸ˜­
118,1649635137000.0,2022-04-10 16:58:57,@jjichuya @zqiyoung @wzedny @raixof @parkeuf @mllktee @intrstinx @jngjevan @baejjohiyun @Mingyuy97 @betivna @ohhschun @taevyongle @fantdazy @nakofbra @lacksamana kalian ni ada apa gerangannn
119,1649635136000.0,2022-04-10 16:58:56,"@sabarna60243294 @Dennysiregar7 Apaan,mna ada lg kuliah-sekolah-kerja daring.. Lihat aja wajah Jakarta skrg,Wan Aibon gk berani lg koar2 sukses bkin Jakarta bebas macet.   Mau pagi,mau siang sampe malam pun Jakarta macet parah.. Apalg klo beneran ada yg demo,makin ngamuk dah pengguna jlan yg benar2 beraktivitas"
120,1649635136000.0,2022-04-10 16:58:56,"Kedua ada yg confess terselubung, gw konfrontasi langsung on the spot. Maunya gmn, mau maju pelan gas ato mundur sekalian. ğŸ¤§. End up jd temen kerja aja wokawoka."
121,1649635136000.0,2022-04-10 16:58:56,@AESparrow @19eightybore @The_Ada_Rhodes @EpiEllie @Boi_dBoi_d @ellymelly does anyone maybe own that land? :)
122,1649635136000.0,2022-04-10 16:58:56,"@hemaviton99 @_KanjengRaden @KadrunGoblokPea Lagipun jika ada korban palingan dari mahasiswa, sudah lupa ya kerusuhan 98, berapa banyak mahasiswa menghilang dan aktivis, ini adalah negara demokrasi, pemerintah tidak memiliki hak untuk melarang orang demonstrasi"
123,1649635136000.0,2022-04-10 16:58:56,$ADA ğŸ”» Decreased 3.62% in 6.0 hour(s) ğŸ’µ Price - 1.02400000 USDT â±ï¸ [10 Apr] - 23:58:56 UTC #ADA #ADAUSDT #CryptoBOT
124,1649635136000.0,2022-04-10 16:58:56,"Alochan jaman smp beraniin confess wkwk. Dibilang 'mana ada cewe yg nembak, gila lo. Kalo pun suka nunggu cowo' gue merasa kenotrilet. Puas, kita samaÂ² tau. Awalnya kek aneh kan soalnya kita ga jadian ahaha yes w ditolak tp kita tep temenan weeeh ğŸ‘ğŸ». Crush jg udh nikah ğŸ¤£"
125,1649635135000.0,2022-04-10 16:58:55,Bener2 di tahap enggak ada hope ga ada dream. Bahkan passion aja udh lenyap. Ga ada semua. Sesuatu yg invisible sesuatu yg bisa mengisi ruang kosong di hati sudah tidak ada.
126,1649635135000.0,2022-04-10 16:58:55,"dpt buyer co malem minta lgsg kirim, trs pagi2 gini udh nanya ""kpn dkirim"", pdhl dia nunda2 co mulu pas udh co minta cptcpt kirim, mana hariini kinda hecticğŸ˜­ğŸ˜­ğŸ˜­ dispam mulu lagi, jienti harigini mana ada yang udh bukağŸ˜­ğŸ˜­ğŸ˜­"
127,1649635134000.0,2022-04-10 16:58:54,Congratz BakeCenterChild on short positionğŸ‘  âœ…Symbol : $KNC âœ…ROE : %162.11 âœ…Entry : 4.314 âœ…Exit : 4.09962  Follow top ROI people realtime. Link on profile and pinned tweet $LUNA $SXP $ADA $IOTX $NKN $ICX $MTL $LPT $SUSHI $NEO
128,1649635134000.0,2022-04-10 16:58:54,ada chaewon yg akan menerimaku apa adanya
129,1649635134000.0,2022-04-10 16:58:54,"7 KELOMPOK PEMBENCI JOKOWI PRESIDEN TERPILIH  1. Kelompok keluarga soeharto dan kroniÂ²  beserta jaringannya. Mrk marah krn asset soeHARTO dipersoalkan @jokowi, bahkan tlh ada yg diambil alih, dan dana soeharto yg ada di rekening bankÂ² di luar negeri sdh diblokir. Kelompok ini yg  https://t.co/aO8f3LKgNg"
130,1649635134000.0,2022-04-10 16:58:54,@haechanahceahl ak jugaa ada pantun ğŸ˜ğŸ˜
131,1649635132000.0,2022-04-10 16:58:52,Yuk bisa yuk ada yang nyangkut 1 aja
132,1649635132000.0,2022-04-10 16:58:52,"@Ada_01 @El_Universal_Mx @GiselaCastilloP Las lomas son parte, como cualquier otra colonia, no hay que descalificar."
133,1649635131000.0,2022-04-10 16:58:51,@opangid98 @chosmicyannn @iqbalyusuf15 @Upil_Jaran2 Bisa jadi. Harus ada simbiosis mutualisme ğŸ˜
134,1649635131000.0,2022-04-10 16:58:51,Buka twitter hny ingin melihat apakah ada tweet or likes baru dr km yg bkn syp2 ak
135,1649635131000.0,2022-04-10 16:58:51,"@MetaUFO_Airdrop Saya ingin membahagiakan keluarga kecil saya,suami &amp;anak, orang tua dan adik2 saya,juga ingin membuka usaha agar ada penghasilan tambahan..ğŸ¤²ğŸ¤²"
136,1649635130000.0,2022-04-10 16:58:50,@Landungpamungk3 Ada pembabatan hutan ya
137,1649635130000.0,2022-04-10 16:58:50,"@sisilyaarianti @Niavirna_real Wkwkwk.. hati2 Modus, akun fake... pasti awal2nya minta TF dulu bwt Dp.. hbis ngilang.. wkwkwkwk...ğŸ¤£ğŸ¤£  Dan lagi pula, emng hari gini masih ada yg doyan VcS..??? Mndingan lngsng cm 350K, itu bisa nego, bnyak lagi.. wkwkwkwkğŸ¤£ğŸ¤£ğŸ¤£  Hati2 gaes.. penipuan bwt dpt cuan"
138,1649635130000.0,2022-04-10 16:58:50,@SmgMenfess2 Blm ada yg cocok sih
139,1649635130000.0,2022-04-10 16:58:50,"Tapi ada lagi nih selain itu, yaitu mereka memang terbiasa menyimpan uang dalam bentuk cash kalau rumah jauh dari ATM atau bank ya mereka mendam aja tuh uang dalam bentuk cash ğŸ¤¡ kan dah dikata inklusi keuangan kita masih belum 50%"
140,1649635129000.0,2022-04-10 16:58:49,@haechanconfess Dikala ada live kenapa notip di hp SELALU TELATTTT  DAHLAHHHHHHğŸ™ƒ
141,1649635127000.0,2022-04-10 16:58:47,Ada yg aneh  https://t.co/CuYQV4CXnz
142,1649635127000.0,2022-04-10 16:58:47,"@liaa_tante @intanmeliia Ada,,"
143,1649635124000.0,2022-04-10 16:58:44,@PantunJ2P Gak ada tujuan apa apa ???
144,1649635122000.0,2022-04-10 16:58:42,"@GeegeeAhmad answer all their query all my best, tp kalo penat i just said can u ask me next time. Sometimes ada info you probably missed giving the first doc but u remember it later then u tell the second doctor. Mcm fill in the blank la bila doctor clerk case ni"
145,1649635122000.0,2022-04-10 16:58:42,"@gowjek Semua yang ada rasa kiwi, rasa duren dan rasa-rasanya huwek"
146,1649635122000.0,2022-04-10 16:58:42,"@Borneo82526293 @wiradisuta @PambudiTri @ShamsiAli2 @mohmahfudmd @corbuzier Ulama mana yg menyatakan khilafahnya khulafaur rosyidin bukan khilafah ala minhajin nubuwwah? Kalo perbedaan mengenai siapa saja nya iya ada, tp perbedaan apakah itu khilafah ala minhajin nubuwwah atau bkn kok aku blm pernah dengar"
147,1649635122000.0,2022-04-10 16:58:42,Akun weverse gue kapan wanginya ya.... Bobby Jbjb ke banyak akun hari ini tapi gak ada yang nyangkut ke akun gue ğŸ¥²
148,1649635121000.0,2022-04-10 16:58:41,(Segala carutan yang ada) betul ya rate @GrabMY sekarang. Tak beragak tempat tak sampai 5km harga sampai nak dekat RM30. Dasar kapitalis.  https://t.co/8fdTVfUG8c
149,1649635121000.0,2022-04-10 16:58:41,"@Ghurem2 @SantorinisSun Yang jadi masalah adalah, para senior ini sudah nyaman dikursi mereka! Tidak mau jelaskan ke para juniornya bahwa soal konstitusi, demonya ke DPR bukan istana negara! Dan sudah ada statement yg jelas dari Presiden akan taat konstitusi!"
150,1649635120000.0,2022-04-10 16:58:40,@leogirl_____ @snwhite23 Ada indonya liat komentar
151,1649635120000.0,2022-04-10 16:58:40,selalu nggak ada alasan untuk nggak bersyukur
152,1649635119000.0,2022-04-10 16:58:39,"@utaeeeeee Wkwkwkw. Aku awalnya gk naksir sama yg skrg jd suamiku. Sama sekali gk ada kepikiran buat ngegebet juga. Malem-malem, iseng lempar pertanyaan di grub ""siapa yg besok mau jadi gandengan pura-puraku ke kondangan?""   Fyi, yg nikahan adl temenku yg kebetulan sahabat mantan. Dikompori"
153,1649635118000.0,2022-04-10 16:58:38,Udah ada info baeksang tanggal berapa.. tapi belum tau mcnya sapa..
154,1649635118000.0,2022-04-10 16:58:38,Padahal kasunanan itu tingkatnya kerajaan tapi yah karena ada konflik internal itulah jadinya kek gitu. Malah lebih maju yang dipimpin adipati ğŸ™ƒğŸ¤ŒğŸ»
155,1649635118000.0,2022-04-10 16:58:38,"@NodaMembundle Halo, ada kak. Silahkan ke bagian helpdesk d lantai 1."
156,1649635118000.0,2022-04-10 16:58:38,"#ADA - short alert ğŸ’©ğŸ’©  Exchange     : FTX Market         : $ADA - $PERP Volume        : $232,624 Price            : $1.0248  $BTC #BTC $ETH #ETH  For live Whale Trade Flow, check -  https://t.co/qEq8Ymgdoc  https://t.co/h1qjjsHHa8"
157,1649635116000.0,2022-04-10 16:58:36,SI BANVSG KENAPA GA BILANG ADA APEL GW TELAT MAUAN
158,1649635116000.0,2022-04-10 16:58:36,@HopeWarriorsNFT @Flawwed1Art @IOHK_Charles @Cardano_ADA_180 @ChilledKongs @bigjoethedon @ZironiVioletta @SchhhArt @turbomadeit @Calidrew @Hope4Warriors Letâ€™s goo!!! #vetsunite
159,1649635116000.0,2022-04-10 16:58:36,"Haii ganteng aku gak tau ini ada apa tapi semangat ya gak usah dengerin mereka, I know you are strong jadi gak usah peduliin mereka WE LOVE YOU TAEHYUNG   #TAEHYUNGAMAZING  https://t.co/cjIqnylfif"
160,1649635115000.0,2022-04-10 16:58:35,@missnatoshi $ADA &amp; $COTI Iâ€™m so good at losing money ğŸ˜‚ğŸ˜­
161,1649635115000.0,2022-04-10 16:58:35,"@vitaapel Kok muka para BEM SI ga ada yang intelek, dan keren."
162,1649635115000.0,2022-04-10 16:58:35,semoga hari ini ada kabar baikğŸ¥°
163,1649635112000.0,2022-04-10 16:58:32,"Malam Lailatul Qodar...lebih baik dari 1000 bulan. Ada 2 pendapat: ~ adanya ya saat diturunkan Al-Qur'an kpd Nabi Muhammad SAW. Sekali saja pada waktu itu. ~ adanya ya tiap tahun di bulan Ramadhan khususnya di tanggal ganjil (21,23,25,27).  Silahkan ikut yg mana. No debat.ğŸ¤”ğŸ¤­"
164,1649635112000.0,2022-04-10 16:58:32,"jangan berlebihan, semua udh ada porsi nya."
165,1649635112000.0,2022-04-10 16:58:32,"selamat pagii ğŸŒ„  udah senin lagi, udah tanggal 11, semoga bisa jadi awal pekan yang baik, semoga ada berkah untuk kita semua. aamiin ğŸ¤²ğŸ»ğŸ’—"
166,1649635111000.0,2022-04-10 16:58:31,"@sisilyaarianti Wkwkwk.. hati2 Modus, akun fake... pasti awal2nya minta TF dulu bwt Dp.. hbis ngilang.. wkwkwkwk...ğŸ¤£ğŸ¤£  Dan lagi pula, emng hari gini masih ada yg doyan VcS..??? Mndingan lngsng cm 350K, itu bisa nego, bnyak lagi.. wkwkwkwkğŸ¤£ğŸ¤£ğŸ¤£  Hati2 gaes.. penipuan bwt dpt cuan"
167,1649635110000.0,2022-04-10 16:58:30,"4. Selesai pemain memberikan kata, akan ada sesi voting menebak pemain yang di curigai sebagai Undercover untuk dieksekusi.   5. Citizen menang apabila jumlahnya lebih banyak dari undercover.   6. Undercover menang bila sisa Citizen menyentuh angka â€˜setengah populasinyaâ€™."
168,1649635110000.0,2022-04-10 16:58:30,Wkwkwk sebelum jadi intel ada training tata boga dulu harusnya
169,1649635110000.0,2022-04-10 16:58:30,"3. Setiap Ronde, pemain harus memberikan satu kata yang mendeskripsikan kata yang mereka dapat dalam kolom yang disediakan.   Contoh:   Kata yang di dapat, sofa.   Kata untuk deskripsi, nyaman.   Kenapa nyaman? Ya, gpp, selain pundak dia, ada sofa yang nyaman tuk bersandar."
170,1649635110000.0,2022-04-10 16:58:30,A reminder Canada has no equivalent to the ADA &amp; the United Nations has been calling out Canadaâ€™s ableism problem for years
171,1649635109000.0,2022-04-10 16:58:29,ada acc shoppe yg lain tpi tk ingt ada ke tk :(
172,1649635109000.0,2022-04-10 16:58:29,lu kalo ada yg anti sm salah satu member jgn follow gw dah.
173,1649635108000.0,2022-04-10 16:58:28,@ccoonwoo Di tiktok aku nyari ya yg ada masukin gitar beh ğŸ˜­
174,1649635108000.0,2022-04-10 16:58:28,@kdrama_menfess Kim taeri bakal masuk yakin banget. Tapi inget ada queen Kim hyesoo di sana ğŸ’¯
175,1649635107000.0,2022-04-10 16:58:27,BlockOwls Rubby was sold on  https://t.co/1u5rae7UFu for 148 ADA ($153.10)  https://t.co/PtnDYbl5Xi
176,1649635107000.0,2022-04-10 16:58:27,"Increase in Trades ADAUSDT, has 670% increase in the number of trades going through Previous total trades: 187 Current total trades: 1253 Average trades: 290 Market price: 1.026 Buyers: 29% Sellers: 71%  #ADA, #ADAUSDT, #crypto  https://t.co/z7Zojf6OO1"
177,1649635106000.0,2022-04-10 16:58:26,@RacunBelanja kok ga ada ya :/  https://t.co/wOZhDN9ldA
178,1649635106000.0,2022-04-10 16:58:26,@dprttian ada apa?
179,1649635105000.0,2022-04-10 16:58:25,@GagakNew Berarti sdh ada slot yg sholat di panggung gus
180,1649635103000.0,2022-04-10 16:58:23,@scottp33 @FvckYourFear @InfoGuru16 @WonderWoman024 @AngryFleas @YellowstoneRan1 @f_kyburz @oldred_politics @NealRey50128337 @couturegems @kellyesorelle @wiguy45 @EricR42 @canyon_free @RedStateJimy @S__Monkie42 @YearRooster @BluesElmwood @PogueMoran @Janabellehell @David4677484957 @Handelscandel @HuggyKitty @rudysballots @savageintellec2 @PootDibou @Anvndarnamn5 @DrCrazynski @janeyK_KAG @Joe__312 @karmapolitan @silverstang59 @malo_j @crazyjo43424351 @orb_vision @Canadia33228656 @TorCSis @TheGreyWolf17 @sherrylynnww1 @Can_ada @Mattallica17 @MyGalFriday2 @Tom_Neverwinter @MessianicJew2 @Riskographer2 @WontBeSilent2 @itsaboutdamnti1 @MRSRedVoteR @DevinNunesMulet @suckitjackbootz Youâ€™re obsessed with the least important part little man. Forget the security clearance. I donâ€™t need it. It doesnâ€™t matter. She was out in the open and he was sneaking around. Get your priorities straight.
181,1649635103000.0,2022-04-10 16:58:23,"Kenapa tiap mau konsisten pergi dari dia, selalu aja beraaaat banget rasanya. Kayak ada yang nahan untuk jangan lupain, selalu mimpiin dia teruus"
182,1649635103000.0,2022-04-10 16:58:23,"Ya Allah hamba spicles banget pas mau ngetweet hastagnya kan awlanya ""meme"" di sarannya ada ""pusi basah"""
183,1649635103000.0,2022-04-10 16:58:23,@HunterX_NFT @ZIL @ADA
184,1649635102000.0,2022-04-10 16:58:22,"NTAR APH W BILANGIN KE GURU AJA YAHHH ""BU KOK GA LIBUR KAN ADA DEMO"" [tersenyum licik]"
185,1649635102000.0,2022-04-10 16:58:22,@daijouuBoo @cinnamongirlc Di kulineran deket kantor pos ada mas. Depan apotek.
186,1649635101000.0,2022-04-10 16:58:21,@Gilang137468369 @alwinridhoin @ramaidoooo @arion_vasco @mmpsshh @idextratime Buktikan apanya? Kemaren ngamokkkk. Dilapangan ga ada fungsi. Pas selesai malah bikin memar tgn anak orang wkwkwk
187,1649635100000.0,2022-04-10 16:58:20,@MARKETfandom ada nih jisung departure pb  https://t.co/Komz2xkqRg
188,1649635100000.0,2022-04-10 16:58:20,"@kring_pajak Halo admin kalau di uninstall aja bisa ga? Sy masih ada back up db di flash disk, kalau bisa mohon bantu step2nya, tks"
189,1649635100000.0,2022-04-10 16:58:20,"@Alkupra Temen"" sama sodara gua udah pada nikah sama punya anak. bahkan anaknya udah ada 2, menwhile gua masih jomblo dan cuma mikirin koleksi pc sama album idol gua sama wishlist terbesar gua nonton konserğŸ˜‚"
190,1649635100000.0,2022-04-10 16:58:20,@jayywons ADA LAH
191,1649635099000.0,2022-04-10 16:58:19,ngantuk bgt tapi ada kelas pagi ğŸ˜©
192,1649635099000.0,2022-04-10 16:58:19,"WE LOVE YOU TAEHYUNG dan Hashtag TaehyungAmazing Trending Twitter, Ada Apa dengan V BTS?  #TaehyungAmazing #TAEHYUNG #taehyungmanusiabiasa #KIMTAEHYUNG   https://t.co/LzkWLTGqi0"
193,1649635099000.0,2022-04-10 16:58:19,agak cemas sedikit tp semoga tidak ada yg aneh2
194,1649635098000.0,2022-04-10 16:58:18,"Akun gua flop bgt apa, suka jbjbin orang tapi ga ada yang jbjbin akun gua"
195,1649635097000.0,2022-04-10 16:58:17,Pengen tidur tapi hari ini ada ujianâ€“ hari terakhirğŸ’€
196,1649635097000.0,2022-04-10 16:58:17,Semoga ada jalan
197,1649635097000.0,2022-04-10 16:58:17,@BaseAnakFK ada
198,1649635097000.0,2022-04-10 16:58:17,"Eh kemarin tiba2 ada wacana dadakan dan ""Ya sok aja coba dulu TTnya. Kira kira sanggup ga kalo sama sunat?"" kata bapake. Lalu aku dengan sotoynya jawab bisa lah kayanya, sekalian riweuh aja deh. Kemudian sunatnya jadi diputuskan h-1 lol"
199,1649635096000.0,2022-04-10 16:58:16,"gk ada yg sama kek gue dhğŸ˜€ bener"" kebalikan dr mbti nya heeseung"
200,1649635096000.0,2022-04-10 16:58:16,"@PS5TT Alternatif jalan lain gak ada yaa? Eh, ini lagi di motor yaa twitterannya?"
201,1649635095000.0,2022-04-10 16:58:15,@LADYJENNIE4 @_spiriituaL @sportingking365 @SomtoSocial @TheRealCEOAmber @TomisinWhyte @betaffairs @Betodds1 @CHIZZY_BB @coco_002 @Ekitipikin @Ada_Daddyya @bossolamilekan1 @betgains @ConvertOdds @pbtips_ @MrGenius_Tips 3052321512 Igboenyosimobi Desmond ihechukwu First bank
202,1649635095000.0,2022-04-10 16:58:15,"kalau ada class pagi, dah lama aku ponteng. barai gila kot urgh ğŸ˜©ğŸ˜©"
203,1649635095000.0,2022-04-10 16:58:15,"@imanana_tsabit @tanyakanrl Pertanyaan bagus, bawah gw jawab kalo ada"
204,1649635094000.0,2022-04-10 16:58:14,"iya, soalnya ada tmn w yg suka nyeritain dirinya sndri tp berulang2 trs kdg saking malesnya gua ga denger cmn main hp, yamaap w bukan pendengar yg baikğŸ˜‡"
205,1649635094000.0,2022-04-10 16:58:14,"@_AmranFans Tu safety features mask tu bang, kalu ada apa2 emergency dia senang putus..."
206,1649635092000.0,2022-04-10 16:58:12,"@subschfess Ati ati nder jangan ngebut makanya, sepi ada yg nolongin nga tuhğŸ˜­ semoga gpp y nder"
207,1649635092000.0,2022-04-10 16:58:12,"@teuverse_id @treasuremembers ""Gak bisa napas soal nya kalian gk ada di sini""aduh dobbb cukup ye baper nih"
208,1649635092000.0,2022-04-10 16:58:12,siapa yang lebih gemes dari Jimin?? ya. ga adağŸ‘
209,1649635091000.0,2022-04-10 16:58:11,@ohmybeautybank Nitip.. sapa tau ada yg tertarik..  https://t.co/d7bvzpEFLB
210,1649635091000.0,2022-04-10 16:58:11,@convomf masih ada ko
211,1649635090000.0,2022-04-10 16:58:10,@cathocolicious bentar ada meme cocok
212,1649635090000.0,2022-04-10 16:58:10,@musniumar Apakah batal karena mereka sudah pikir nggak ada gunanya amandemen tanpa amandemen masa jabatan presiden
213,1649635089000.0,2022-04-10 16:58:09,"@bnrymyuu Ada agency gue yang gabolehin, tapi anjing mana gue KUAT"
214,1649635089000.0,2022-04-10 16:58:09,@shwykih Hai kak. Untuk saat ini layanan Transjakarta beroperasi normal.  Apabila ada perubahan layanan dan informasi terkini akan kami informasikan melalui media sosial resmi Transjakarta. Terima kasih. ^RZK
215,1649635089000.0,2022-04-10 16:58:09,"@tanyakanrl tapi gatau ya tahun ini gue ngerasa lebih tahan dari haus, lapar, dan ga ada niatan utk buka diem diem"
216,1649635089000.0,2022-04-10 16:58:09,"We're getting shut out epoch 332; but after going 250%, 138%, 138%, 212% luck the last four epochs maybe we were due. This calls for an $ADA airdrop after the epoch 334 snapshot on Apr 20.  https://t.co/vhCmfr26Bx"
217,1649635089000.0,2022-04-10 16:58:09,"@ciciloty @IlhamDhaani @Sharl_Legreg @4rd1j1 Kemaren ada ngomong big data, ini ya maksudnya? 158 rebu doang? ğŸ˜†  https://t.co/u3Nyj5F2w3"
218,1649635089000.0,2022-04-10 16:58:09,@caseybyun_ Kalau Dalia di posisi Martha mana ada sabarnya
219,1649635088000.0,2022-04-10 16:58:08,"kok di yt. Btw ini pengantar akuntansi, ada yg punya saran chanel yt yg bagus? Atau materinya udah runtut gitu. [cm]"
220,1649635088000.0,2022-04-10 16:58:08,"Kalian ada ga yg ngerasa dosen suatu mk cara menjelaskannya kayak kurang gitu. Iya tau kita harus banyak belajar sendiri, tapi maaf dosenku yg ini jelasinnya terbata-bata dan kelas kebanyakan diam nungguin dia cari materj buat dibaca:') tapi habis kelas aku belajar lagi (cont)"
221,1649635088000.0,2022-04-10 16:58:08,"@sbmptnfess masih, sekolahku support persiapan sbm jadi bimbelnya ada di sekolah, datengin guru dari luar buat intensif gituu jadinya masuk"
222,1649635087000.0,2022-04-10 16:58:07,Pagi pagi mimpi indahh aja mana ga bisa diterusin soalnya inget ini hari senin. Kmrn pas weekend ngga ada ngantuk2nya klo pagi
223,1649635087000.0,2022-04-10 16:58:07,@LUNERPW Ada beberapa yang gwe bawa
224,1649635087000.0,2022-04-10 16:58:07,Jawbreaker - Rare #130 with Species Pctg: (18.28%) was sold on  https://t.co/rC8hHyVeLa for 40 ADA ($41.38)  https://t.co/UjzUT8g5ry
225,1649635086000.0,2022-04-10 16:58:06,@sieunholic @wintershuhwa before this ada isa's event. ğŸ˜…  https://t.co/QGmhr1m1PR
226,1649635086000.0,2022-04-10 16:58:06,@tanyakanrl ini tiktok jg dapet dari twt gak sih? waktu itu keknya ada di base sebelah
227,1649635086000.0,2022-04-10 16:58:06,"panggil gue zuha katena orangÂ² yang namanya ada ""zuha"" nya pasti cakep"
228,1649635086000.0,2022-04-10 16:58:06,"@buburrrrrrr @TutiPufi @iambadung Karena kalian ga nonton tv, bukan berarti tidak ada yang menonton. Masih ada berjuta juta manusia lainnya yang menonton tv."
229,1649635085000.0,2022-04-10 16:58:05,buayawalk juga ga ada kan yh ğŸ¤”
230,1649635083000.0,2022-04-10 16:58:03,@The_Ada_Rhodes @Boi_dBoi_d @ellymelly Bodied the boy
231,1649635083000.0,2022-04-10 16:58:03,@ADA__Lover @LongLiveTheKiks @v7SW3LN2x1FGKv5 @greenhamster07 @lovelydimple82
232,1649635081000.0,2022-04-10 16:58:01,"ğŸŸ: note kecil dari munkana! kanata disini agak beda dari biasa (lebih dekat kanata 2nd year) karena latar belakang, jadi kalau ada kepribadian atau reaksi dalam interaksi yang beda, itu alesannya ya~"
233,1649635081000.0,2022-04-10 16:58:01,"@nazaqistsha @__Sridiana_3va Tetap Semangat Bang, kebenaran pasti akan menemukan jalannya. Saat ini mereka bisa tertawa dan bangga melakukan kejahatan, ada saatnya mereka akan menangis dan menyesali perbuatannya"
234,1649635081000.0,2022-04-10 16:58:01,@fullvesunby ngga ada?
235,1649635080000.0,2022-04-10 16:58:00,@tradingforlyf Kalo ada temen kek gitu biadab bener sih tu orang
236,1649635080000.0,2022-04-10 16:58:00,@OOTDFESS Ini ada sampai 42  https://t.co/OgUe8GKkqf
237,1649635080000.0,2022-04-10 16:58:00,"Daripada Abu Hurairah RA bahawa Nabi SAW bersabda:  â€œSesiapa yang tidak meninggalkan percakapan bohong dan berkelakuan keji lagi buruk sedangkan dia berpuasa, baginya tidak ada kelebihan di sisi Allah selain daripada lapar dan dahaga sahaja yang didapatinyaâ€  (Riwayat al-Bukhari)"
238,1649635079000.0,2022-04-10 16:57:59,@crushsecretU Ada juga yang belom di apa2in berasa tersakiti
239,1649635078000.0,2022-04-10 16:57:58,emang kalo ada yang solo schedule jarang di promosiin di akun nct/wayvnya yaa..
240,1649635078000.0,2022-04-10 16:57:58,"@convomfs Alasan hidup gue. Belum tamatin forecasting love &amp; weather, di tambah lagi belum nnton bussines proposal+ ada twent four twenty five *(cmiiw). Pusing nderr mikirin drakor ğŸ˜­"
241,1649635077000.0,2022-04-10 16:57:57,"Kisah ringkas di pagi isnin: ada akak naik motor kat jalan kuching ni main selit selit, aku pun macam wow lah, pastu ada satu tempat tu, antara lori dan kereta, dia suruh kereta stop beb, sebab dia nak lalu, cam hanet je"
242,1649635076000.0,2022-04-10 16:57:56,"Bandingin sama swasta. Ya swasta mana dulu? Kalo bandingin sama tempat lu kerja sebelumnya ya maap2, kenapa resign? Harus tau konsekuensi dooong. Lagian ga semua swasta THR nya gede kok. Malah ada yg ga dapet, di industri kecil. Tauk lah. Gondok bat gw"
243,1649635076000.0,2022-04-10 16:57:56,"@alfaazh__ kalo gak cantik bisa ular pun ada yg bisa ada yg tidak kalo ular sudah uzur ya tak bisa, paham, kamu cantik semua bisa"
244,1649635075000.0,2022-04-10 16:57:55,@Uti0671 Awas tuh ada kucing dipojokan ğŸ˜„ğŸ˜„ğŸ˜„
245,1649635075000.0,2022-04-10 16:57:55,@subschfess Kok bisa nder?ğŸ˜­ sakit ga? Ada yg luka kah?
246,1649635075000.0,2022-04-10 16:57:55,"@IndosatCare min kenapa ya jaringan saya udah seminggu ini No Service terus di rumah? Daerah Tambun Selatan nih, apa ada gangguan? Krn kalau di Cikarang, bisa.  https://t.co/lfo4V6Z7gH"
247,1649635075000.0,2022-04-10 16:57:55,@The_Ada_Rhodes @Boi_dBoi_d @ellymelly So better grass and fossil fuck the sun
248,1649635074000.0,2022-04-10 16:57:54,Keluarga sims w butuh duit biar bisa pindah rumah makanya ambis banget kerjanyağŸ˜­ emosi dah pas ada yg ngalangin gini
249,1649635074000.0,2022-04-10 16:57:54,"@DedySoelistijan Mana ada edgy masculine beli rose wine mas Ded ğŸ˜­ğŸ˜­ğŸ¤£ğŸ¤£ Ada-ada aja emang manusia ğŸ¥²ğŸ˜© Kayak gini bakal kepikiran sih sejujurnya, namun yaudah aja karena memang I wonâ€™t claim any of his/her opinion. Cuman ya kayak, what did I do wrong gt sampe dia sebegitu iri dan dengki hatinya"
250,1649635072000.0,2022-04-10 16:57:52,Ada kelas ke tidek ni hahaha ayoyo
251,1649635072000.0,2022-04-10 16:57:52,"ada penis dalam kata ""penista"""
252,1649635072000.0,2022-04-10 16:57:52,Wah ada sugar daddy like tweet kita tadi. Hahaha
253,1649635071000.0,2022-04-10 16:57:51,"Ketika tak ada kata terucap, diam mampu ungkapkan apa yang tak terkatakan. Tak semua bisa memahami, tapi sahabat selalu mengerti."
254,1649635071000.0,2022-04-10 16:57:51,"@moonareas ada, cuma ga banyak"
255,1649635069000.0,2022-04-10 16:57:49,concert is overğŸ¤§ğŸ«‚ tapi perjalanan mereka belum selesai dan baru dimulai. Perjalanan mereka sangat panjang &amp; gak mudah sampai akhirnya ada dititik ini. mereka belum sampai puncak. Teume apa kalian siap nemenin perjalanan mereka selanjutnya? #TREASURE_1STCONCERT JIKJIN TO TRACE  https://t.co/G7b7pLa7zF
256,1649635067000.0,2022-04-10 16:57:47,"Maaf tidak ada privilege buat cowo cakep, sekali tolol tetap tolol."
257,1649635067000.0,2022-04-10 16:57:47,@kdrama_menfess kalo tayangnya sebelum dari 31 maret ada kemungkinan masuk bisa
258,1649635067000.0,2022-04-10 16:57:47,mana ada jual itik lagi penat o
259,1649635067000.0,2022-04-10 16:57:47,Dalam masyarakat manusia ada binatang jalang tetapi dalam masyarakat binatang tidak ada satu pun manusia jalang -Aristotle
260,1649635066000.0,2022-04-10 16:57:46,@OnlyFrens @Masinton @PDI_Perjuangan Ada yg mau nyuci
261,1649635066000.0,2022-04-10 16:57:46,@nadiloss Ga ada yang bangunin buat buka â€¦
262,1649635066000.0,2022-04-10 16:57:46,"udah ga ada drama ini itu lagi, #7 Done.  https://t.co/s5HgerIJuC"
263,1649635064000.0,2022-04-10 16:57:44,@cehlos Btw kerok sendiri kah bang mblo ?ğŸ˜ Atau ada pasangan
264,1649635064000.0,2022-04-10 16:57:44,@plsimdesperate lah area kabupaten gw juga ada beliau tu
265,1649635064000.0,2022-04-10 16:57:44,"Baru liat cuplikan motogp, ternyata markes pas start di p9 sempet ada masalah gitu yaa, akhirnya pas mulai malah jadi paling belakang tapi bisa finish ke p6 tuh parah sih naiknyağŸ˜­ğŸ‘ğŸ»"
266,1649635063000.0,2022-04-10 16:57:43,Kok ada org dibangunin susah
267,1649635063000.0,2022-04-10 16:57:43,padahal nanti siang ada tutor tp gue blm nyiapin logbook ğŸ˜© mager bgt knp ya
268,1649635063000.0,2022-04-10 16:57:43,ada gila2nya gw
269,1649635062000.0,2022-04-10 16:57:42,"Aku rasa kan bagus jugak kalau sekolah provide space untuk murid berniaga. Contoh, ada keluarga murid yang pendapatannya bergantung pada si ibu yang menjual nasi lemak. Murid boleh bantu berniaga sambilan di sekolah."
270,1649635062000.0,2022-04-10 16:57:42,"@GilaFilmID jd pengin nonton film nya dia tp takut ada scene ngewe nya, kan lg puasaa:(("
271,1649635060000.0,2022-04-10 16:57:40,ada yg tau tempat jual IC Bios gak? bantu dong gan
272,1649635059000.0,2022-04-10 16:57:39,"@kedaikopi_nft @CinggaronX Serem dan lucu di saat yg sama wkwkwk... Apa ya, nek menyikapi karya, ceritanya dulu gimana... Tampilan e mungkin serem (misalnya) tp mungkin ada cerita dibalik itu... Atau emg pengen aja dibuat kek gitu"
273,1649635059000.0,2022-04-10 16:57:39,@twtbylala Biar ada alesan ga puasa nih!!
274,1649635059000.0,2022-04-10 16:57:39,Inget mbak ada yg namanya penyakit ain
275,1649635059000.0,2022-04-10 16:57:39,@LUNERPW ada
276,1649635058000.0,2022-04-10 16:57:38,"@hima_himako51 Gak ada euy, kayaknya emang tidak ada yang menggubris ku, life is not bom bom bakudan"
277,1649635056000.0,2022-04-10 16:57:36,"@xeorcv Ada semua nder yg V, Jin &amp; Jh   https://t.co/sOC56CU8bF   https://t.co/XpPsDEEYJ1   https://t.co/Uo9rXMcR9D"
278,1649635056000.0,2022-04-10 16:57:36,@cryctro25 @boostsocmed @MakbiiBigWinX Ini dana ada berkabar kalau maintenance? Khawatir bgt ga ada statemen sama sekali kemarin ğŸ˜”ğŸ˜”
279,1649635056000.0,2022-04-10 16:57:36,@akheloisun_ iya masih ada dan diusahakan fix dapet yaa
280,1649635055000.0,2022-04-10 16:57:35,@flomiehaechan yg glitch and scratch mark masi ada???
281,1649635055000.0,2022-04-10 16:57:35,@kochengfess Kalo ga niat sedekah yaudah gausah kasih makan. Lagian pikirannya suudzon mulu buset. Emg ada beberapa tipe kucing yg udh dikasih makan segepok tp msh minta makan ke org lain. Bukan brarti ga dikasih makan sama yg punya.
282,1649635054000.0,2022-04-10 16:57:34,@animefess_ Ada anak aku jg
283,1649635054000.0,2022-04-10 16:57:34,Emak ama bapak rame amat kalo ada tamu. Suka kasian sama tamunyaağŸ˜ª
284,1649635054000.0,2022-04-10 16:57:34,@tvOneNews masa sih.. bulan ramadhan tahun 2019 lalu ada anak mati yang di pukulin polisi sama brimob terus ngaku nya di tailan.
285,1649635053000.0,2022-04-10 16:57:33,"@sbmptnfess ada tapi gatau ini bimbel utbk apa pelajaran produktif, soalnya aku smk"
286,1649635053000.0,2022-04-10 16:57:33,Bismillah semoga pagi ini ada yang nyangkut
287,1649635052000.0,2022-04-10 16:57:32,@JKash000 Cardano â€œAdaâ€best fits the bill.
288,1649635052000.0,2022-04-10 16:57:32,X fkk 1 ga ada kipas? Seriously?
289,1649635050000.0,2022-04-10 16:57:30,"Nah mereka mereka pada yang kuliah dari desa ke kota kan apalagi tanpa KIP bisa ngekost, tiap bulan McD masa sih gak punya uang ğŸ¤¡ Yang ada jajan mereka perbulan lebih banyak kali daripada KIP gwğŸ¤¡"
290,1649635049000.0,2022-04-10 16:57:29,"Ngikik, ngapain juga Jiyong dateng cuma buat liat karpet. Kek ada kerjaan aja~"
291,1649635049000.0,2022-04-10 16:57:29,"dompet dan hp ilang 1 bulan yg lalu blm sempet keurus  yg waras aj lo penipu kalo banyak hal pentingnya ga sampe 24 jam juga bakal minta blokir rekening, urus segala mcm surat kehilangan apa aj yg ada di dompet. y x nunggu keajaiban apa gmn 1 bln berlalu sampe hp dihack ğŸ˜­"
292,1649635048000.0,2022-04-10 16:57:28,Ada yg suka kocokin kontol pake liur ga ?
293,1649635048000.0,2022-04-10 16:57:28,@convomf Kenapa orang ada ada aja si ğŸ˜­
294,1649635048000.0,2022-04-10 16:57:28,"baca rep nya ampe kaget sendiri, ada orang kek gitu"
295,1649635048000.0,2022-04-10 16:57:28,@gobygieta Halo kak matching card game nya masih ada ga?
296,1649635047000.0,2022-04-10 16:57:27,"@tanyakanrl kalau ada wifi sih paling 4-5 cukup, kalau ngga ada ya... ğŸ’ğŸ»â€â™€ï¸"
297,1649635046000.0,2022-04-10 16:57:26,"ni kalo ada orang yang ngerti Thai, kasih tau gw ya kalo ada salah-salah pasti salah semua ini mah ğŸ¤£"
298,1649635045000.0,2022-04-10 16:57:25,"@beautrae Kalo ada yang tersinggung juga wajar, balik lagi ya karena punya konsekuensi atas apa yang kita ketik itu, apalagi berhubungan sama idola, ya karena masanya yang massive. Di internet juga ada aturan ges, kalau kamu gak siap dirujak ya makanya jaga ketikan dan lebih respectful"
299,1649635044000.0,2022-04-10 16:57:24,"@Veranonano @dallin1016 Baru di omongin semalem, ada easteregg nya langsung ya at-st lagi"
300,1649635043000.0,2022-04-10 16:57:23,@AAlfaroqi2 Ayo Seluruh Rakyat NKRI Satukan Kekuatan Jangan ada Perbedaan âœŠğŸ¼âœŠğŸ¼âœŠğŸ¼ğŸ’–ğŸ’–ğŸ’–ğŸ‡®ğŸ‡©ğŸ‡®ğŸ‡©ğŸ‡®ğŸ‡©ğŸ•ŠğŸ•ŠğŸ•Š #SayaBersamaJokowi  #SayaBersamaJokowi #KitaBersamaJokowi  #KitaBersamaJokowi  #KawalJokowiSampai2024  #KawalJokowiSampai2024  âœŠğŸ¼âœŠğŸ¼âœŠğŸ¼ğŸ’–ğŸ’–ğŸ’–ğŸ‡®ğŸ‡©ğŸ‡®ğŸ‡©ğŸ‡®ğŸ‡©ğŸ•ŠğŸ•ŠğŸ•Š
301,1649635043000.0,2022-04-10 16:57:23,"@jajanbhlabels sorry oot aku mau nitip menfess, ada yg mau dititipin ngga?"
302,1649635043000.0,2022-04-10 16:57:23,"ada intensif bwat kelas 12, cuma gw dlu gadapet grgr kopit sialan"
303,1649635041000.0,2022-04-10 16:57:21,"ğŸ’¥Daily Crypto Twitter RecapğŸ’¥  ğŸ‰Most Positive Mentions: $DGB, $LTC, $ADA  ğŸ”¥Most Engaged Tweet ( $ETH ):  https://t.co/zNo74iHrlyâ€¦  âš¡Most Influental Tweet ( $BTC ):  https://t.co/uFLyriksAlâ€¦  #Coinzone #Crypto #Blockchain #Metaverse #DeFi #NFT #NFTs #CryptoNews #cryptocurrency  https://t.co/q5sTzWz352"
304,1649635041000.0,2022-04-10 16:57:21,Ngga ada yg sahurrrrr serumah ğŸ˜­ğŸ˜­
305,1649635041000.0,2022-04-10 16:57:21,@joozeunitt ehhh ada apaaa kok dr kmrn panas bgt tl
306,1649635040000.0,2022-04-10 16:57:20,@OOTDFESS Ini ada sampai ukuran 45  https://t.co/s3PyirALUR
307,1649635040000.0,2022-04-10 16:57:20,"Arthur Shelby, Ada Shelby and Polly Gray ğŸ˜­ğŸ˜­"
308,1649635039000.0,2022-04-10 16:57:19,Sedang ada masalah yang membuatmu putus asa? Coba renungi kata-kata motivasi Islami di bawah ini agar lebih semangat dalam menjalani kehidupan.  https://t.co/65BOiUPDuG
309,1649635038000.0,2022-04-10 16:57:18,"@BaseAnakFK Bukan gabut sih, tp ada waktu luang........dan biasanya ku pake buat istirahat...."
310,1649635037000.0,2022-04-10 16:57:17,mau bikin layout ngga jadi-jadi mulu ada aja yang dikerjain u_____u
311,1649635037000.0,2022-04-10 16:57:17,Akankah ada keajaiban di hari ini
312,1649635036000.0,2022-04-10 16:57:16,"catwalk ada, dogwalk ada tapi kenapa cicakwalk ga ada???"
313,1649635035000.0,2022-04-10 16:57:15,@Ileristi @Archy_made_ice @PengamatSosial_ @kpertiwi29 Penandatanganan SKP gak bisa dianggap permohonan persetujuan pimpinan untuk kenaikan pangkat pak karena SKP dikeluarkan setiap tahun ada atau tidak usulan kenaikan pangkat
314,1649635034000.0,2022-04-10 16:57:14,ğŸ³ #Cardano $ADA Whale â¤ï¸laced! ğŸ’° Transaction Output: 2.0M â‚³Dâ‚³ / 2.13M USD  ğŸ‘ï¸ Tx info: â¡ï¸  https://t.co/DWPqg0M1kR  ğŸ™Support us: - Stake with  â˜®ï¸PEACEâ˜®ï¸ pool:  https://t.co/Uztjjf3c1c - Stake with SHARP/EASY1/BOOST/GMBL #fintech #blockchain #crypto
315,1649635034000.0,2022-04-10 16:57:14,"@Askrlfess Gue blm prnh si nder, tp gue ada tmen yg jaraknya krng lbih 8-9 thn lah sm gue. Bnyk hal yg bisa gue dpet dr doi sejauh ini. Dri mulai cra ngadepin masalah, self-love, mindset dll. Mski kmbali ke orangnya, tapi gue mulai suka menjalin hubungan dg org yg jauh lebih tua dari gue."
316,1649635033000.0,2022-04-10 16:57:13,@sellkpopfess  https://t.co/t4HBXF1Tr0 Masih ada dicon taeil nihâ€¦
317,1649635032000.0,2022-04-10 16:57:12,Makan 2 keping roti rasa sengkak sgt2.. Rasa cm x cukup nafas pon ada.. Dah la kejap lgi 2 meeting.. Aduhai...
318,1649635030000.0,2022-04-10 16:57:10,Lets go home by Kim Sejeong favorit bangetğŸ’•.sayangnya gak ada MV officialnya   https://t.co/yhs7cO7jrF
319,1649635029000.0,2022-04-10 16:57:09,"joktug! ada yang bikin pertanyaan tentang agama islam dl jam 8? materi udah ada, drop fee ya"
320,1649635029000.0,2022-04-10 16:57:09,"ğŸ› Kucing emg kalo abis steril tuh galak ya? Kucing betina aku abis steril kemaren dia jd galak bgt dan kucing lain yg ada dirumah juga kaya suka hissing/geram ke dia, normal kah?"
321,1649635028000.0,2022-04-10 16:57:08,@sbmptnfess ada
322,1649635028000.0,2022-04-10 16:57:08,"@subschfess 1. Persiapkan mental, jangan ngeluh kalau dikasih tugas banyak dr guru (mending lgsg dikerjain biar ada waktu belajar utbk) 2. Jangan terlalu ngebut belajar tka, santai aja tapi paham dari dasar. 3. Belajar ngitung cepat sejak sekarang 4. Jangan aktif organisasi lagi"
323,1649635028000.0,2022-04-10 16:57:08,@erinajajan Aku ada kak 185k aircargo
324,1649635027000.0,2022-04-10 16:57:07,"@mananfreezer @DewiLie01 @Puspen_TNI @DivHumas_Polri @CCICPolri Yg minta presiden diperpanjang nga ada demo ya, masa cuma yg mempercepat saja yg demo..? ğŸ¤”ğŸ¤”"
325,1649635027000.0,2022-04-10 16:57:07,setuju sih kalo ada yg bilang mv tulus bukan out of the box lagi tpi udah no more box  https://t.co/QDuPTDWQQA
326,1649635025000.0,2022-04-10 16:57:05,@mafyjen Masalahnya ga ada yang mau ga sih?
327,1649635025000.0,2022-04-10 16:57:05,Ada new subvariant pulakkk
328,1649635024000.0,2022-04-10 16:57:04,"Dalam ramai2 adik beradik, akan ada sorang yang akan taat setia kepada ibu bapa, yang setia jaga ibu bapa yang sakit dan saat mereka tua. Dan insan itu, dipilih oleh Allah SWT kerana ada satu kebaikan dia yang buatkan dia layak. Selagi ada kudrat dan tenaga kejarlah kedudukan ni."
329,1649635024000.0,2022-04-10 16:57:04,"@semangkadingin Ada, lauk telor dadar"
330,1649635023000.0,2022-04-10 16:57:03,"@aster_rhythm @DisabldARMY4BTS But still some beside and in front. I think earplugs are a great choice, and if you want similar seating you could go for an aisle seat towards the back of a section as not all the back rows are ADA. That said, I only really have experience of SoFi"
331,1649635022000.0,2022-04-10 16:57:02,Maaf jika caraku mencintaimu tidak seperti laki laki yang pernah ada di hatimu sebelumnya :)
332,1649635022000.0,2022-04-10 16:57:02,"@panggilreniaja @risolkrispiii mana ada darah makasar, dimanaÂ² darah itu ya darah a, b, ab, o, o+, o- baru bener"
333,1649635021000.0,2022-04-10 16:57:01,@XLegus @cryptorecruitr Wouldn't take ADA for free.
334,1649635020000.0,2022-04-10 16:57:00,"Di variety show Whereâ€™s My Home, #JAEMIN mendapat gelar â€œdiakui sebagai no.1 suami masa depanâ€ karna banyaknya insight dan pengetahuan baru dari jaemin ttg rumah! Bahkan setelah variety show berakhir, ada artikel yang membahas tentang apa yg jaemin lakukan di variety tsb. ğŸ¥°  https://t.co/td5v40kwks"
335,1649635019000.0,2022-04-10 16:56:59,@LUNERPW Beberapa ada
336,1649635018000.0,2022-04-10 16:56:58,"@AbadiSparepart @Azalea20967549 @Dennysiregar7 kalau terus terusan ada BLT, yg ada masyarakat bergantung sama BLT. dikit dikit BLT.  ga krja gapapa, kan ada BLT. Diajarin mandiri kok banyak protes.Tpi ya prcuma juga menjelaskan ini ke orang dongo yg cuma mikir pendek, dpet 100k langsung koar koar turunkan Jokowi"
337,1649635017000.0,2022-04-10 16:56:57,Kaget banget pagi pagi anak ganteng tranding..ada apa?? kenapa??  WE LOVE YOU TAEHYUNG ğŸ’œğŸ’œ  https://t.co/yukEtjIXkC
338,1649635017000.0,2022-04-10 16:56:57,karna parkjiminwhore ada dimana mana ğŸ˜­ğŸ˜­ğŸ˜­
339,1649635017000.0,2022-04-10 16:56:57,@faizsadad_ jujur gue sempet mikir itu air putih tapi ada manis2 nyağŸ™ğŸ»
340,1649635016000.0,2022-04-10 16:56:56,"â€œMaka barang siapa di antara kamu ada yang sakit atau dalam perjalanan lalu ia berbuka, maka wajib baginya berpuasa sebanyak hari yang ditinggalkan pada hari-hari yang lain.â€Â (Al-Baqarah: 184)"
341,1649635016000.0,2022-04-10 16:56:56,@SyamMs18 @GeiszChalifah Mungkin karena Tenaga China udah gak ada sisa stok sebab diberdayakan sm LBP dan Bapak Nganu
342,1649635016000.0,2022-04-10 16:56:56,@teuverse_id @ayankruto @treasuremembers JAEEE STOP NGERASA BERSALAH ATAU NYESEL YA!! KAMU UDAH NGELAKUIN YG TERBAIK NAMA NYA MANUSIA WAJAR ADA KESALAHAN JAEE HUHU LOVE U BOYâ¤â¤ğŸ˜­
343,1649635015000.0,2022-04-10 16:56:55,"pernah ditegur gara2 gapernah ikut kumpul karang taruna terus dibilang ""ntar nikahannya sepi lho, gaada yg mau bantu klo ada acara blablabla"" gimana bisa w kumpul sm orang yg dulu bully2 gw waktu kecil ğŸ™„"
344,1649635015000.0,2022-04-10 16:56:55,@chanyo_oung Repot. Gk ada yang lain kah?
345,1649635014000.0,2022-04-10 16:56:54,Tidak ada nahkoda yang tangguh yang lahir dari laut yang tenan #mosyans
346,1649635013000.0,2022-04-10 16:56:53,"@cathocolicious coba cek, ada yg follow anda ga.. kadang ada yg langsung follow :&lt;"
347,1649635013000.0,2022-04-10 16:56:53,Ada yg libur pas puasa? Pliss lah ngantuk bgt mana nanti mtk lagi
348,1649635012000.0,2022-04-10 16:56:52,"mpi dulu fansbase ini pernah kmu follow, skrg kmu jdi unfoll :( krena ada Hackers yg block kmu :( please follback lgi mpi :( Noeey_Chibi"
349,1649635012000.0,2022-04-10 16:56:52,@wiwitut81847203 Ndx  ada urusan dgn G20.8 tahun rezim merasa paling Benar sejagat dg rakyat jorok ngomong nya koq.
350,1649635012000.0,2022-04-10 16:56:52,"ome tv sange,kalo ada yang mau bli kontenku,, ku krm smua karna masih bnyak bnget males ngeditnya  https://t.co/7I72UBqd6U"
351,1649635011000.0,2022-04-10 16:56:51,@LADYJENNIE4 @_spiriituaL @sportingking365 @SomtoSocial @TheRealCEOAmber @TomisinWhyte @betaffairs @Betodds1 @CHIZZY_BB @coco_002 @Ekitipikin @Ada_Daddyya @bossolamilekan1 @betgains @ConvertOdds @pbtips_ @MrGenius_Tips 1435680157 Access bank.      Samuel
352,1649635010000.0,2022-04-10 16:56:50,selesai 1/3film tp ga ada niatan buat lanjutin sisanya. male lead akhirnya sama female lead. but liuqi sweetie you deserved better :(  https://t.co/YzMQNtIx7N
353,1649635010000.0,2022-04-10 16:56:50,tidak ada yg lebih mengecewakan selain salah beli shade pensil alis
354,1649635009000.0,2022-04-10 16:56:49,"@sbmptnfess Janjinya iya, ada. Tp gaada tembusan sampe sekarang wkwkw"
355,1649635009000.0,2022-04-10 16:56:49,@andramhesa @jaydennio sejak ada virus araa araaa
356,1649635009000.0,2022-04-10 16:56:49,@smilelaughz ada apa?
357,1649635008000.0,2022-04-10 16:56:48,"@schfess kalo mau ujian itu belajar, jangan sampe ada niatan nyontek soalnya bakalan jadi manja seterusnya. kalo ada persentasi di kelas jangan diem doang soalnya guru nilai dari ke aktifan murid juga."
358,1649635007000.0,2022-04-10 16:56:47,@bwiinona @chnj1473 @indomyfess Hii wallpapernya ada disini yaa
359,1649635007000.0,2022-04-10 16:56:47,@SurvivorEkstra oyunlarÄ±n minimum 16 oyundan oluÅŸmasÄ± artÄ±k ada hayatÄ±nÄ± sÄ±k  gÃ¶remememize neden oldu ada hayatÄ± gÃ¶rÃ¼ntÃ¼leri farklÄ± bÄ± renk katÄ±yordu
360,1649635006000.0,2022-04-10 16:56:46,"Guys, save Ini buat para Putin fanboy yg denial mulu. Di Rusia malah ada museum â€˜propagandaâ€™ yg ngeclaim Columbus, Genghis Khan itu orang Russia ğŸ˜¹ğŸ˜¹ğŸ¤¦â€â™€ï¸ğŸ¤¦â€â™€ï¸ , ini bagian fasis .."
361,1649635005000.0,2022-04-10 16:56:45,"ajg ini di kelas ada 5 orang, TAPI GW CEWE SENDIRIAN"
362,1649635005000.0,2022-04-10 16:56:45,"Hi, masih ada yang kenal rafa ga?"
363,1649635005000.0,2022-04-10 16:56:45,"joktug! haloo ada yg open joki ulangan realtime ga? ekonomi sma, buat essay nya aja sekalian jastul (jam 8.00) waktunya 40menit  materinya seputar ekonomi (bbrapa akuntansi), yg beneran bisa tlg rep yaa, sekalian drop hasil tulisan+drop v *dana only"
364,1649635005000.0,2022-04-10 16:56:45,Sunyi...kok gk ada yg datang?
365,1649635005000.0,2022-04-10 16:56:45,mootsku ada yang myday ga yaa. jadi aku kan skrg lgi ujian gitu ruangannya di lt 2 trus liat kebawah ada anak cowok pake jaket day6 GravityğŸ˜­. kaget banget hahaha tapi bagus banget jaketnya huhuu
366,1649635005000.0,2022-04-10 16:56:45,"@hylannnn @ucoxregar Gue dari kampung, daerah jawa barat. Kalo tau masyarakat susah ya tugas gue kan buat bantu biar ada penghasilan. Kalo gue kasih ikan, dia makan sekali doang, tapi kalo gue kasih pancingan dan ajarin buat mancing ya dia bisa makan setiap harinya. Lu masih muda ngeluh mulu"
367,1649635003000.0,2022-04-10 16:56:43,"@mono_sha404 :') kak gapapa aku iri everytime dengan kalian2 semua, but I'm just quietğŸ˜ kadang ada saatnya kita ngeluh ini-itu, iri ini-itu. It's okay, tapi jangan dipendam lama2, kita harus selesaikan masalah itu. Jangan sampai kita dimakan sm pikiran2 negatif itu lebih banyakâ˜ºï¸ğŸ™"
368,1649635002000.0,2022-04-10 16:56:42,5åˆ†ã§3000å††ã‚‚ã‚‰ãˆã¾ã™! $ADA $JMY $LNK ãã‚Œãã‚Œ1000å††åˆ†ãšã¤ã‚‚ã‚‰ãˆã‚‹ï¼ ã‚„ã‚‹ã“ã¨ã¯å£åº§é–‹è¨­ã™ã‚‹ã ã‘ï¼ ç°¡å˜5åˆ†ã§å®Œäº†ï¼ #å³é‡‘ #ãŠå°é£ã„ç¨¼ã #ä»®æƒ³é€šè²¨ æš—å·è³‡ç”£å–å¼•ã®ãƒ“ãƒƒãƒˆãƒã‚¤ãƒ³ãƒˆ å£åº§é–‹è¨­ã¯ã“ã¡ã‚‰ã‹ã‚‰  https://t.co/479PTGXrsg
369,1649635002000.0,2022-04-10 16:56:42,@czzerwiinski ada kelas gaakkk
370,1649635001000.0,2022-04-10 16:56:41,"@subschfess Aku ada, ni aku di sekolah Bakal berangkat sekolah terus sampe lebaran"
371,1649635001000.0,2022-04-10 16:56:41,"@Askrlfess Ga yg harus chatan terus, sesekali telfon lah. Wkwkwk  Tapi serius ga yg harus 24/7, ya kalo ada kerjaan yg harus dilakuin kan bisa bilang dulu ya ""eh bentar ya aku mau anu dulu"" Kan enak ya, jangan yg tiba tiba ilang."
372,1649635001000.0,2022-04-10 16:56:41,"@VIVAcoid Ga ada kebijakan menteri yang ada kebijakan peesiden , makanya peesidenya yang mesti bertanggung jawab"
373,1649635001000.0,2022-04-10 16:56:41,"@eunkin_ @akusiapacbtebak ceritanya jadi tu gini kaak : ada 2 orang yang ceritanya gagal nikah dlm waktu yg sama (karakter eric mun sm oh haeyoung nya). nah ternyata, cewe eric mun namanya oh haeyoung juga si karakter eric mun nya tuh ternyata bales dendam ke pacarnya oh haeyoung gitu-"
374,1649634999000.0,2022-04-10 16:56:39,"Tapi gw punya counter pendapat di atas yaitu, gw jujur ya hidup di kota memang akses luas, bank, ATM sekitar rumah ada cuman uang gw yg kagak ada hahahahahhaha. Kalau kagak ada KIP juga gw kagak bakal punya ATM."
375,1649634999000.0,2022-04-10 16:56:39,@jjksbnlia Kalo gua ada mesin cuci g bakal ngeluhğŸ˜­ğŸ˜­
376,1649634999000.0,2022-04-10 16:56:39,Ini jeno ga ada pc berhoodie apa yak? Yang kek mark/jaemin/haechan :â€ kayaknya lucu kalo ada
377,1649634998000.0,2022-04-10 16:56:38,@consyist motifnya ada yg lain gak?
378,1649634998000.0,2022-04-10 16:56:38,@moonareas ada nih gue
379,1649634998000.0,2022-04-10 16:56:38,@lapermakanaja Ada acara keluarga
380,1649634997000.0,2022-04-10 16:56:37,@Baksoobakaar Mana bisa lupa sama template legend ini ğŸ˜­ğŸ˜­ kalian ada yg iri sama obbak kami as aset negara ğŸ¤Œ
381,1649634997000.0,2022-04-10 16:56:37,"5 Fakta Race MotoGP AS 2022, Nomor 1 Ada Kaitannya dengan Marc Marquez #LengkapCepatBeritanya #Olahraga #Sport #MotoGP #Grandprix .  https://t.co/upr2sjhiTE"
382,1649634997000.0,2022-04-10 16:56:37,"Satu, satu buah dia gugur. Huhu dih. Tapi itulah rezeki.  Ada hari, rezeki kita. Ada hari, bukan.  Kerja kita, teruskan berusaha. Yang lain, serahkan pada Dia.  https://t.co/AB5KAuEfrJ"
383,1649634996000.0,2022-04-10 16:56:36,@LUNERPW ada
384,1649634996000.0,2022-04-10 16:56:36,Ada yang murce masa ga ditake ğŸ˜­ğŸ‘ğŸ»
385,1649634996000.0,2022-04-10 16:56:36,"@moonareas yaa ada, cuma ya ga banyak. soalnya pose foto mereka ga sebanyak nct(?)"
386,1649634995000.0,2022-04-10 16:56:35,anak ca ava actor thai ada g ya
387,1649634994000.0,2022-04-10 16:56:34,@Keretakonda Siapa yg ultah ko ada tumpeng?ğŸ˜¡ din 3 hari lagi ya ultah mz
388,1649634994000.0,2022-04-10 16:56:34,@_favorite_ada Gc about Wah?
389,1649634994000.0,2022-04-10 16:56:34,@DSekarlangit Ada apa dg ma hadeeeh koruptor kakap ko bisa lepas gitu aja
390,1649634993000.0,2022-04-10 16:56:33,@sellkpopfess Ini mau ga nder?? Take all 145k aja yuk murce bgt ituuğŸ¤§ğŸ™ğŸ¼ pc nya ada slight damğŸ¥² bisa ambil pc doang + fp taeil 50k ajaa~ dom tangsel yaa boleh DM or lgsg ke link bawah ajaa dehh~   https://t.co/FHw0P7OK8p  https://t.co/pqBO9iOx60
391,1649634991000.0,2022-04-10 16:56:31,@babyie tapi ada deh kalau ga salah ga begitu lama tapi faceless gitu soalnya ketutup hp(?)
392,1649634991000.0,2022-04-10 16:56:31,"Apapun hasilnya nanti, ga ada yang salah dan ga ada juga yang benar. Bisa pasti bisaaaaa"
393,1649634990000.0,2022-04-10 16:56:30,@ohleejeno gils sih guweh ada di top tri ğŸ˜
394,1649634990000.0,2022-04-10 16:56:30,@myeuphoriiaa_ ada deh ğŸ˜‰
395,1649634990000.0,2022-04-10 16:56:30,Yeayyyyyy sekarang klo tiup lilin di keluarga ada temennya~ Welcome baby Cattleya  11-04-22
396,1649634989000.0,2022-04-10 16:56:29,"@scottp33 @FvckYourFear @InfoGuru16 @WonderWoman024 @AngryFleas @YellowstoneRan1 @f_kyburz @oldred_politics @NealRey50128337 @couturegems @kellyesorelle @wiguy45 @EricR42 @canyon_free @RedStateJimy @S__Monkie42 @YearRooster @BluesElmwood @PogueMoran @Janabellehell @David4677484957 @Handelscandel @HuggyKitty @rudysballots @savageintellec2 @PootDibou @Anvndarnamn5 @DrCrazynski @janeyK_KAG @Joe__312 @karmapolitan @silverstang59 @malo_j @crazyjo43424351 @orb_vision @Canadia33228656 @TorCSis @TheGreyWolf17 @sherrylynnww1 @Can_ada @Mattallica17 @MyGalFriday2 @Tom_Neverwinter @MessianicJew2 @Riskographer2 @WontBeSilent2 @itsaboutdamnti1 @MRSRedVoteR @DevinNunesMulet @suckitjackbootz I was comparing the 2. As usual you get your Napoleon complex stepped on. Donâ€™t be a tiny asshole. Which is better: Ivanka who passed a security clearance review &amp; her interactions are known or Hunter with shady past, couldnâ€™t pass gas &amp; his interactions are hidden?"
397,1649634989000.0,2022-04-10 16:56:29,@PT_Transjakarta Min rute 11A ada tiap hari atau ndak min?
398,1649634988000.0,2022-04-10 16:56:28,@wawanTB17 kalo bisa tidur gabakal ada tweet itu si pli
399,1649634988000.0,2022-04-10 16:56:28,@bharianmy Mana ada berani nya...hahahahahaha..
400,1649634987000.0,2022-04-10 16:56:27,"@collegemenfess Boleh nder, dosenku aja ada yg pake celana kotak2 gitu"
401,1649634987000.0,2022-04-10 16:56:27,salah gw beranggapan semua org bisa merasa ada di posisi gw. ternyata sebaliknyağŸ¥²
402,1649634986000.0,2022-04-10 16:56:26,Ya udahlah setidaknya paragoy anggap aku ada
403,1649634985000.0,2022-04-10 16:56:25,Masih ada 318 Paket lagi yuk bantu habis ğŸ˜­ğŸ¥ºğŸ™
404,1649634985000.0,2022-04-10 16:56:25,@jkmyluckycharm @BTS_twt I didn't have any issues! I'm taller though so that might be partly why. I do wish they would have kept the ADA section at their seats though. They were already raised up but still moved to the center so the left side was obstructed a bit. I'll post some videos shortly!
405,1649634984000.0,2022-04-10 16:56:24,"kecuali ada kalian yang mau makan, pasti ditutup, iman kok segampang itu.."
406,1649634984000.0,2022-04-10 16:56:24,@democrazymedia Sebenarnya bukan hanya Jokowi. Siapa pun yg jadi presiden di periode kedua kepemimpinannya akan selalu ada gejolak politik yg meningkat. Sebab banyak tokoh yg sdh tak sabar ingin berkuasa merongrong pemerintahan yg ada agar pemerintahan terlihat tak kompeten.
407,1649634983000.0,2022-04-10 16:56:23,"ga ada cape capenya ya ribut, apa aja diributin astagağŸ¤£ğŸ¤£"
408,1649634982000.0,2022-04-10 16:56:22,"@hazeemdin Nak cari online, takut nak keluar tempat ramai oranggg lagi-lagi ada baby ni"
409,1649634981000.0,2022-04-10 16:56:21,@missufe @HectorDAO_HEC Done  ğŸ€ğŸ€bismillahirrohmanirohimğŸ€ğŸ€  ğŸ¤²ğŸ¤²semoga ada rejeki hari iniğŸ¤²ğŸ¤²  â¤â¤â¤ğŸ’—Â Â  AMIINÂ Â  ğŸ’—â¤â¤â¤  https://t.co/0MAo1W6nkV
410,1649634981000.0,2022-04-10 16:56:21,"@tokrevfess bayangin tiba tiba ada orang naik mobil box sambil bilang ""halo kak? nyari pipa? murah nih 5000 3"""
411,1649634981000.0,2022-04-10 16:56:21,@nakamidaa Ada apa sih kawand
412,1649634980000.0,2022-04-10 16:56:20,@BaseAnakFK Kayaknya yg buku mendung anat ajaa sisanya ebook ajaa kan enak ada fitur search xixix
413,1649634979000.0,2022-04-10 16:56:19,"10 menit yg lalu di tlp sama c aa karna bilang udah mo masuk, terus dia nyuruh aku cuci muka cepet2 karna dia tau aku ada kelas jam 7 dan dia bilang ""cepet ih cuci muka gimana kalo nanti ditanya dosen atau kamu presentasi"" ğŸ˜‰"
414,1649634979000.0,2022-04-10 16:56:19,"tapi bener sih tiap ada tugas dia pasti selalu nanya tugas apa, wah jinjja"
415,1649634978000.0,2022-04-10 16:56:18,@wintershuhwa @itgirlsumin WAIT PERNAH ADA EVENT KE BEFORE THIS??? ğŸ‘ğŸ‘„ğŸ‘ btw tenchu shinnn :3
416,1649634978000.0,2022-04-10 16:56:18,@lahhilok @1DIAND1 @malkistgurih @convomf Ada video nya gaa? KepoğŸ˜­ğŸ˜­
417,1649634976000.0,2022-04-10 16:56:16,"@convomf lucu km nder wkwk, ga semua org buka wa sehari penuh apalagi balas chat km terus, pasti ada sibuknya juga"
418,1649634975000.0,2022-04-10 16:56:15,@somniafess @RravMonrch ada kah ?
419,1649634975000.0,2022-04-10 16:56:15,Ada yg punya list akun fansite member bangtan ga? Yg jepretannya HD
420,1649634974000.0,2022-04-10 16:56:14,yang di bookmark ada banyak tapi masih malesğŸ˜­
421,1649634974000.0,2022-04-10 16:56:14,@AnggaSugiantor6 @pewpewdor @MoeloekRenatta @canny_shoeple Ada yang namanya kejar paket C kak. Kalau minat aja sih.
422,1649634972000.0,2022-04-10 16:56:12,Napa yg like ada yg bukan moanya sii hmm untung cek dlu
423,1649634972000.0,2022-04-10 16:56:12,Bupati Kulon Progo: Jangan Ada Stok Bahan Pokok Kosong Jelang Lebaran - Tribun Jogja  https://t.co/PQUXtDOX8z
424,1649634971000.0,2022-04-10 16:56:11,@tinykeila INI APAAN liatnya harus pk mata batinğŸ˜­ tp ada ak mwah  https://t.co/90kX6Z2FZR
425,1649634971000.0,2022-04-10 16:56:11,Mandrillz Sale! TheMandrillz #5098 sold for 159.0 ADA at  https://t.co/661Xj1xdkf   https://t.co/PphnLY14VU  #mandrillz #cnft #ada  https://t.co/nPjSA5iApz
426,1649634971000.0,2022-04-10 16:56:11,"gatau sekarang itu udh g ada yang terlalu di harapin banget dari hal apapun,gue ga lagi berekspetasi lagi.bukaan nya berhenti cuma cape aja klo tau nya ujung""nya bgtu lagi."
427,1649634969000.0,2022-04-10 16:56:09,"Hanya karena pernah terluka, tak berati kamu harus takut mencinta. Ada seseorang yg tepat untukmu di luar sana."
428,1649634969000.0,2022-04-10 16:56:09,"lune kalian ada gak yang di side nya tetep temenan sama temen kalian, dan disana juga kalian tetep deket?"
429,1649634968000.0,2022-04-10 16:56:08,"gue masi mau tidur lagi jadi gabisa, giliran ada waktu istirahat sebelum kelas malah mati listrik gini, bener bener dahğŸ˜­"
430,1649634968000.0,2022-04-10 16:56:08,@_favorite_ada @nathionn ğŸ˜‚ğŸ˜‚ğŸ˜‚
431,1649634966000.0,2022-04-10 16:56:06,"dih?? ya kaga gimana2 lah anj, w sih bakal b aja. lo berharap gue kayang smpe jungkir balik kah? aneh lu awokwok..... lagian emang bangtan ada ngasih tau lu soal seksualitasnya? kita semua ngga ada yang tau bre, jadi tutup mulutmu."
432,1649634966000.0,2022-04-10 16:56:06,xkan nak pakai mask setiap saat kot? Mesti akan buka juga kan. Plus benda dikira indoor. Memang dah xkan ada proper ventilation pun.
433,1649634966000.0,2022-04-10 16:56:06,semangat Bae Hyunjun stan! hari ini ada fancam  https://t.co/5S290JHbXn
434,1649634965000.0,2022-04-10 16:56:05,"Jadwal Acara TV Senin, 11 April 2022: ANTV, Trans 7, tvOne, Ada Serial Balika Vadhu hingga On The Spot  https://t.co/yAKayZKBim"
435,1649634965000.0,2022-04-10 16:56:05,"@edwnds @NerazzurriFans @hakanc10 Wkwkwkwk Gue yakin di Galeri nya banyak GIF, foto dan video2 vs inter yg isi nye skill2 pemaen milan, cuma kaga ada yg lagi megang piala bhahaha"
436,1649634964000.0,2022-04-10 16:56:04,@RacunBelanja ada yg tau promo goride gk di hari senin ini?
437,1649634964000.0,2022-04-10 16:56:04,Mandrillz Sale! TheMandrillz #733 sold for 140.0 ADA at  https://t.co/661Xj1xdkf   https://t.co/Omo4JNP4MP  #mandrillz #cnft #ada  https://t.co/Nv8qAekfnX
438,1649634963000.0,2022-04-10 16:56:03,"Ada Demo 11 April, Ini Jalan yang Bakal Ditutup Polisi  https://t.co/xQfENr6ivV"
439,1649634963000.0,2022-04-10 16:56:03,"@uridongari Wkwkwkwk bisa oleng tegap.. ngga tau kenapa aura jaechan tuh kuat, yg lain belum bisa bikin oleng kak. yg ada tiap liat jaechan aku makin gila ğŸ˜­"
440,1649634962000.0,2022-04-10 16:56:02,"Biasanya menjelang minggu2 terakhir, saat si mbak udah pulkam. Ehini qadarullah baru masup mgg II dah ada jadwal kesiangan qkqkqk"
441,1649634962000.0,2022-04-10 16:56:02,"@Almondcoral Oh yg itu, aku ada lihat wkwkw.  Tweetnya dihapus tuh yg tentang avkor terus jd dapet simpati deh dari 'ava real' emang pinter banget cari engangement."
442,1649634962000.0,2022-04-10 16:56:02,10 Odds âœŠ Stake and win ğŸ˜ Soccer âš½ &amp; Basketball ğŸ€ SPORTYBET code: BC5FGW93 #giveaway #CoinMaster #GamblingTwitter #ADA Join our Telegram channel ğŸ‘‡  https://t.co/uiCdlgBWwu  â¤ï¸LikÃ©s &amp; ğŸ”„ Retweet Appreciated  https://t.co/SNikpxAVna
443,1649634961000.0,2022-04-10 16:56:01,"@griffinarks Semoga benar benar ada yg seperti itu, jika memang ada aku akan menantikannya suatu hari nanti"
444,1649634961000.0,2022-04-10 16:56:01,Dah ada private space sendiri ni boleh kot start tunaikan angan-angan nak start exercise ğŸ˜‚
445,1649634961000.0,2022-04-10 16:56:01,Semoga ada kabar baik hari ini aminnn ğŸ™ğŸ¼
446,1649634960000.0,2022-04-10 16:56:00,"@LADYJENNIE4 @_spiriituaL @sportingking365 @SomtoSocial @TheRealCEOAmber @TomisinWhyte @betaffairs @Betodds1 @CHIZZY_BB @coco_002 @Ekitipikin @Ada_Daddyya @bossolamilekan1 @betgains @ConvertOdds @pbtips_ @MrGenius_Tips Anthony Ebuka okoye 0011183657 access bank. God of favour,  faVour me on this one"
447,1649634959000.0,2022-04-10 16:55:59,"@povpaula Ada lubang di hati, tetapi kita tidak tau apa yang bisa mengisinya. Semoga hanya salah satu fase dalam hidup."
448,1649634958000.0,2022-04-10 16:55:58,@babyie kalau ada pun kemarin apdetnya di babel...
449,1649634958000.0,2022-04-10 16:55:58,hf! Nominasi Baeksang bakal diumumin hari ini guyssğŸ˜ Happiness ada kemungkinan masuk gk ya? Kangen bgt pengen liat SaeHyun bareng lagiğŸ¥º  https://t.co/eEe2wnRANN
450,1649634957000.0,2022-04-10 16:55:57,cicakwalk ada ga sie
451,1649634956000.0,2022-04-10 16:55:56,"Santai, sabar pasti ada jalan, intinya yakin semua akan Terwujud"
452,1649634956000.0,2022-04-10 16:55:56,"semoga ada rezeki dihari ini, Ya Allah aamiin"
453,1649634956000.0,2022-04-10 16:55:56,Kembali padamu tak pernah ada dalam hati ku.
454,1649634955000.0,2022-04-10 16:55:55,kalo tiba2 ada notif dari youtube bangtantv   G.C.F in Las Vegas (Jk &amp; V)  kek apa ya? gue bakal gimana? gue masih waras gak ya? gue....
455,1649634953000.0,2022-04-10 16:55:53,@schfess Tmen aku ada yang mau gapyear ada yang kerja
456,1649634953000.0,2022-04-10 16:55:53,W'ada anaa
457,1649634953000.0,2022-04-10 16:55:53,"@katanyadibumi @convomf Ya kan maut, jodoh, dan rezeki ga ada yang tau kak. Kalau dijemput duluan sebelum ketemu jodoh ya gimana... kalau hadistnya itu yang gue tangkep sih kayak yang menunda2 atau enggan nikah gitu. Cmiiw ya ğŸ™ğŸ»ğŸ™ğŸ»ğŸ™ğŸ»"
458,1649634953000.0,2022-04-10 16:55:53,"@igaffyou Haii, ada yg baru bangkit nih"
459,1649634952000.0,2022-04-10 16:55:52,sby ada banyak demo kgk sih?
460,1649634951000.0,2022-04-10 16:55:51,ğŸ³ #Cardano $ADA Whale â¤ï¸laced! ğŸ’° Transaction Output: 30.3M â‚³Dâ‚³ / 31.45M USD  ğŸ‘ï¸ Tx info: â¡ï¸  https://t.co/NsJmQOqK78  ğŸ™Support us: - Stake with  â˜®ï¸PEACEâ˜®ï¸ pool:  https://t.co/Uztjjf2EbE - Stake with SHARP/EASY1/BOOST/GMBL #fintech #blockchain #crypto
461,1649634950000.0,2022-04-10 16:55:50,Baik amat ada yg ngingetin di secreto
462,1649634950000.0,2022-04-10 16:55:50,@kangdede78 Ada apa sih?
463,1649634949000.0,2022-04-10 16:55:49,kaya ada yang beda
464,1649634949000.0,2022-04-10 16:55:49,Masnya sudah jauh dari jangkauan tapi si Ibu masih saja bertanya. Ada yang sama gak sih ğŸ¥º
465,1649634949000.0,2022-04-10 16:55:49,@convomfs terus nanti Spotify blend ada berapa persen kesamaan selera musik kalian berdua
466,1649634949000.0,2022-04-10 16:55:49,@sbmptnfess Tahun kemarin UB ada gelombang 2 nder
467,1649634948000.0,2022-04-10 16:55:48,Nabi juga pernah di bulan Ramadhan menghadapi org2 Musrik Mekah...! Sahabat Nabi juga pernah berperang di bulan Ramadhan..jadi jika kita melawan org2 yg mau merusak NKRI tidak ada dosa....org2 yg mau merusak pemerintah yg sah Kita Lawaaaaaaaaan
468,1649634948000.0,2022-04-10 16:55:48,ğŸ³ #Cardano $ADA Whale â¤ï¸laced! ğŸ’° Transaction Output: 1.8M â‚³Dâ‚³ / 1.88M USD  ğŸ‘ï¸ Tx info: â¡ï¸  https://t.co/V8pKH6HkPJ  ğŸ™Support us: - Stake with  â˜®ï¸PEACEâ˜®ï¸ pool:  https://t.co/Uztjjf2EbE - Stake with SHARP/EASY1/BOOST/GMBL #fintech #blockchain #crypto
469,1649634948000.0,2022-04-10 16:55:48,@JOYIE88s @JIYOUNG88s Ada konsep rumah makan padang aja gak kak?
470,1649634948000.0,2022-04-10 16:55:48,@DeeRose782 @N0vemberCeria Senangnya hatiku ada DeCan sama KaCanğŸ¤—ğŸ¤­
471,1649634948000.0,2022-04-10 16:55:48,@brouwgrlzs sayurr asem sama nasiii sama ada pizzaaa
472,1649634947000.0,2022-04-10 16:55:47,@rentfess Mereka masih ada tanggal kosong di bulan April. Jadi sebaginya segera menghampiri @sonofauriga dan @aurigantares sebelum Hanif dan Rara memilih sibuk di bisnis topeng monyetnya.  Tapi jangan lupa untuk baca ini dulu  Rara :  https://t.co/uZ24DE7jg3 Hanif :  https://t.co/CpDBtA9Hdc
473,1649634947000.0,2022-04-10 16:55:47,ğŸ³ #Cardano $ADA Whale â¤ï¸laced! ğŸ’° Transaction Output: 13.5M â‚³Dâ‚³ / 13.99M USD  ğŸ‘ï¸ Tx info: â¡ï¸  https://t.co/Hi2r6NhjzN  ğŸ™Support us: - Stake with  â˜®ï¸PEACEâ˜®ï¸ pool:  https://t.co/Uztjjf2EbE - Stake with SHARP/EASY1/BOOST/GMBL #fintech #blockchain #crypto
474,1649634946000.0,2022-04-10 16:55:46,"Lo gila gue apa?! Ketemu langsung ga pernah, denger suara lo langsung ga pernah, bahkan lo ga tau gue ada di bumi:'). Tapi gue bisa secinta ini sama lo dan 6 member lain. Gue bisa kangen banget sampe mau nangis padahal ketemu aja ga pernah. Ini gue kalo bukan gila apa namanya?!"
475,1649634946000.0,2022-04-10 16:55:46,"@baqiebaka @NOTASLIMBOY Itu bukan body shaming, dia harus sadar bahwa penyakit paling mematikan ternyata diabetes bukan kanker, sebagai pengingat ja, untung ada yg mengingatkan ğŸ¤£"
476,1649634944000.0,2022-04-10 16:55:44,@twtmalaywedding Buy what you need. Kalau family besar go get kereta besar. Starting a  job takde public go get a bike/ small car. Ada duit lebih nk selesa okay takdehal
477,1649634944000.0,2022-04-10 16:55:44,@convomf ya gapapa gue aja ga ada rencana mau nikah
478,1649634944000.0,2022-04-10 16:55:44,Ada yang ikut smub ub ga ? Mau nanya ini diisi pake nilai 6 mapel atau seluruh nilai pengetahuan ?  https://t.co/h2MRjnVOaA
479,1649634944000.0,2022-04-10 16:55:44,@Mjongjojong KAGEHINA SISTERS DULU GA SIH.. APA MEREKA NGGA ADA..
480,1649634943000.0,2022-04-10 16:55:43,@moonareas ada tapi jarang
481,1649634943000.0,2022-04-10 16:55:43,@convomfs Mel..maybe gatau ga ada yg menarik
482,1649634942000.0,2022-04-10 16:55:42,"Untuk mutualan aku yang lagi nyari referensi catatan belajar persiapan utbk, dan ada catatan kak Fauzan jugaaa. #studytwt #studyacc"
483,1649634941000.0,2022-04-10 16:55:41,@iqrarulhassan Ap ajeeeb kirdaar Ada Kar rahy h Kia masla h
484,1649634941000.0,2022-04-10 16:55:41,"@stardustruto Ih enaknya, ada apa emng?"
485,1649634941000.0,2022-04-10 16:55:41,"@babufess Masih wl3, Ayato templokin berbagai macam artifact atk% aja. Atau misalnya ada berserker set, pasang aja  Venti kamu taruh yang ada ER% atau EM. Fokusin Venti buat crowd control dulu aja daripada untuk ngebuff dengan 4 viri"
486,1649634940000.0,2022-04-10 16:55:40,ngantok tapi ada kelas  https://t.co/jVYjTC019O
487,1649634939000.0,2022-04-10 16:55:39,"Masyarakat lebih ngetawin km panci , jd menpora ga ada majunya bisany cuma korup dgn bangunan mangkrak !!!!   https://t.co/W6TtAKna65"
488,1649634938000.0,2022-04-10 16:55:38,@sbmptnfess Ini ga ada yang biologi murni kah?
489,1649634937000.0,2022-04-10 16:55:37,"@aif_95 baru ngeh arti demo itu menolak, setuju atau mengkoreksi kebijakan, bbrti dsini klo di plintirin kasusnya ada mslh bbm naik, isu 3 priode maybe?, minyak goreng, dn lainnya. Demo, bentuk tidak setuju dn solusi apakah bisa diktkn solusi dri mrk adalah spanduk turunkan presiden"
490,1649634936000.0,2022-04-10 16:55:36,"masih ada beberapa sisa wts an kemaren yang ga ketake misal aku sell takeall +- ada 8-10 pc , inc pc hd 4-5 an gt ada yang mau ga ya:("
491,1649634935000.0,2022-04-10 16:55:35,@syahredzan Sesuai. Ada zoologist di situ   ğŸğŸ•ŠğŸ–ğŸ¦ğŸğŸ’ğŸ¸ğŸğŸŒ
492,1649634934000.0,2022-04-10 16:55:34,"@nna Eh udah ada serlok, tengkyu."
493,1649634933000.0,2022-04-10 16:55:33,adağŸ¤3ğŸ‘‰halğŸ¾diğŸ˜…duniağŸŒ¿iniâ˜ºyangğŸ˜¯tidakğŸ™…bisağŸ˜£kuhitungğŸ¤”jumlahğŸ˜€bintangğŸ˜¬diğŸ™ˆlangitğŸ‘†ikanğŸŸdiğŸ¤“lautğŸŒŠdanğŸ˜cintakuğŸ’–padağŸ˜ˆKINTARA KUNTOROğŸ˜‡xixixiğŸ˜»  â€¼ï¸ğŸ¥µMARI JOIN KINTARA KUNTOROğŸ¥µâ€¼ï¸   https://t.co/YkdVxAqSak   https://t.co/YkdVxAqSak   https://t.co/pKXvJuzXXh tag sq opmem
494,1649634933000.0,2022-04-10 16:55:33,"@MikeLulu11 @ElonTrades The problem with holding  positions like ada, poly and xlm is that there mc are already so high. Most of the gains for these tokens have already been made. It's Better to dyor and invest into tokens as the trends and spec interest drive up price. Take profits and move capital."
495,1649634933000.0,2022-04-10 16:55:33,"Baca webtoon ini cuma season 1 nya aja. Karena udah bagus main plotnya girls friendship, gk usah ada unsur romance. A woman who manages to deal with her insecurity doesn't mean she has to end up with a guy.  https://t.co/TYRLw2dnv2"
496,1649634933000.0,2022-04-10 16:55:33,"@jenjen__03 halo kaa aku ada 175k, tapi kalau maxnya 170k aku kurangin 5knya gapapaağŸ™†ğŸ»â€â™€ï¸ dm aja"
497,1649634932000.0,2022-04-10 16:55:32,Bila kau dah ready sesiap beli baju raya awal dgn harga sekian sekian tak ada sale. Sekali next week nya brand yang kau beli tu buat saleğŸ˜©  Nak marah tapi kena sabar. Nak marah rasa nak marah tapi kena sabar hmmm grr
498,1649634932000.0,2022-04-10 16:55:32,@shiiizzu_ btull kalo ada yang bangunin buat skolah hirauin aja
499,1649634932000.0,2022-04-10 16:55:32,@inanoyou Sama bgt ğŸ˜­ ga ada kapoknya emang
500,1649634930000.0,2022-04-10 16:55:30,@MlNHOL GAK ADA TANDA TANYANYAA
501,1649634930000.0,2022-04-10 16:55:30,"@dizizsalmew BENERRR, tadi ada temanku yang nilainya rada ga bagus langsung dikomentari terus dibandinginğŸ˜¥ğŸ˜¥ğŸ˜¥"
